일자,종가,대비,등락률,시가,고가,저가,거래량,거래대금,상장시가총액
2020-01-02,2175.17,-22.5,-1.02,2201.21,2202.32,2171.84,494678.0,4638167.0,1461424794.0
2020-01-03,2176.46,1.29,0.06,2192.58,2203.38,2165.39,631563.0,5763663.0,1462298972.0
2020-01-06,2155.07,-21.39,-0.98,2154.97,2164.42,2149.95,592671.0,5156541.0,1448385085.0
2020-01-07,2175.54,20.47,0.95,2166.6,2181.62,2164.27,568236.0,5143512.0,1462298814.0
2020-01-08,2151.31,-24.23,-1.11,2156.27,2162.32,2137.72,913831.0,8750722.0,1446631314.0
2020-01-09,2186.45,35.14,1.63,2182.2,2186.45,2172.16,592604.0,7261591.0,1470805019.0
2020-01-10,2206.39,19.94,0.91,2189.48,2206.92,2188.1,594537.0,6459300.0,1484063381.0
2020-01-13,2229.26,22.87,1.04,2204.49,2230.43,2204.49,488289.0,6214780.0,1499967181.0
2020-01-14,2238.88,9.62,0.43,2243.06,2250.79,2232.94,835899.0,7294228.0,1506534496.0
2020-01-15,2230.98,-7.9,-0.35,2229.8,2238.21,2223.39,746156.0,5946351.0,1501047629.0
2020-01-16,2248.05,17.07,0.77,2231.93,2249.09,2225.41,808332.0,6204474.0,1513149909.0
2020-01-17,2250.57,2.52,0.11,2261.57,2268.71,2245.58,580816.0,5444384.0,1515299754.0
2020-01-20,2262.64,12.07,0.54,2261.4,2277.23,2258.09,545491.0,5950403.0,1524384084.0
2020-01-21,2239.69,-22.95,-1.01,2259.81,2266.31,2238.25,770320.0,5569551.0,1508408628.0
2020-01-22,2267.25,27.56,1.23,2238.53,2269.27,2235.13,608510.0,6365617.0,1526798959.0
2020-01-23,2246.13,-21.12,-0.93,2254.54,2260.63,2241.94,509609.0,6790104.0,1512629062.0
2020-01-28,2176.72,-69.41,-3.09,2192.22,2199.93,2166.23,808879.0,8818232.0,1466083103.0
2020-01-29,2185.28,8.56,0.39,2188.18,2195.45,2172.33,692301.0,6589950.0,1472171522.0
2020-01-30,2148.0,-37.28,-1.71,2181.54,2187.45,2139.72,602838.0,7105203.0,1446505817.0
2020-01-31,2119.01,-28.99,-1.35,2160.6,2167.23,2119.01,710508.0,7226687.0,1427047755.0
2020-02-03,2118.88,-0.13,-0.01,2086.61,2126.73,2082.74,836700.0,8068704.0,1427133302.0
2020-02-04,2157.9,39.02,1.84,2121.22,2162.32,2120.53,624642.0,7791178.0,1454235584.0
2020-02-05,2165.63,7.73,0.36,2177.26,2181.52,2154.88,574396.0,7736275.0,1460243895.0
2020-02-06,2227.94,62.31,2.88,2184.77,2229.99,2182.25,695216.0,8334738.0,1501460506.0
2020-02-07,2211.95,-15.99,-0.72,2221.49,2223.92,2198.14,800342.0,8813174.0,1491013321.0
2020-02-10,2201.07,-10.88,-0.49,2185.63,2203.39,2180.51,609566.0,5471061.0,1483846707.0
2020-02-11,2223.12,22.05,1.0,2213.5,2233.32,2211.25,526211.0,6611195.0,1498338522.0
2020-02-12,2238.38,15.26,0.69,2225.95,2242.24,2214.77,632463.0,6892198.0,1508346242.0
2020-02-13,2232.96,-5.42,-0.24,2245.72,2255.49,2230.3,638666.0,8121197.0,1505295817.0
2020-02-14,2243.59,10.63,0.48,2232.71,2251.5,2221.9,597224.0,6379565.0,1511254623.0
2020-02-17,2242.17,-1.42,-0.06,2243.07,2250.05,2230.26,458248.0,5639201.0,1510109679.0
2020-02-18,2208.88,-33.29,-1.48,2225.98,2232.93,2205.21,470425.0,6411451.0,1487436221.0
2020-02-19,2210.34,1.46,0.07,2222.51,2226.0,2191.2,591155.0,7107034.0,1488454959.0
2020-02-20,2195.5,-14.84,-0.67,2223.55,2228.18,2186.72,709564.0,7677672.0,1478574048.0
2020-02-21,2162.84,-32.66,-1.49,2165.65,2184.43,2160.28,635474.0,7105856.0,1456692607.0
2020-02-24,2079.04,-83.8,-3.87,2114.04,2120.06,2079.03,948621.0,9315475.0,1400516368.0
2020-02-25,2103.61,24.57,1.18,2075.55,2105.49,2071.5,1565588.0,8952278.0,1417275415.0
2020-02-26,2076.77,-26.84,-1.28,2064.07,2089.64,2059.13,810938.0,8060327.0,1398569206.0
2020-02-27,2054.89,-21.88,-1.05,2073.87,2085.4,2049.15,562775.0,7241174.0,1383776361.0
2020-02-28,1987.01,-67.88,-3.3,2020.17,2031.01,1980.82,671552.0,9927960.0,1337716963.0
2020-03-02,2002.51,15.5,0.78,1997.03,2017.07,1969.34,528103.0,7811003.0,1348109552.0
2020-03-03,2014.15,11.64,0.58,2051.85,2051.85,2009.39,615693.0,8687847.0,1356176460.0
2020-03-04,2059.33,45.18,2.24,2005.81,2063.59,2005.81,606287.0,7829193.0,1386938608.0
2020-03-05,2085.26,25.93,1.26,2078.11,2089.08,2059.99,675205.0,7954349.0,1404684362.0
2020-03-06,2040.22,-45.04,-2.16,2053.09,2062.57,2032.13,865588.0,7233538.0,1373917955.0
2020-03-09,1954.77,-85.45,-4.19,1981.02,1989.5,1946.9,666868.0,8796944.0,1316427699.0
2020-03-10,1962.93,8.16,0.42,1942.85,1968.17,1934.72,638564.0,9133693.0,1321480461.0
2020-03-11,1908.27,-54.66,-2.78,1965.67,1967.7,1898.27,679716.0,8598097.0,1284895601.0
2020-03-12,1834.33,-73.94,-3.87,1887.97,1897.23,1808.56,850345.0,11309953.0,1235351152.0
2020-03-13,1771.44,-62.89,-3.43,1722.68,1809.31,1680.6,1035278.0,13376938.0,1193686837.0
2020-03-16,1714.86,-56.58,-3.19,1805.43,1805.43,1714.38,682004.0,8593833.0,1155216111.0
2020-03-17,1672.44,-42.42,-2.47,1640.84,1722.97,1637.88,649779.0,9709077.0,1126202984.0
2020-03-18,1591.2,-81.24,-4.86,1686.12,1693.95,1591.12,728008.0,9576387.0,1071788837.0
2020-03-19,1457.64,-133.56,-8.39,1626.09,1626.09,1439.43,977675.0,11932492.0,982169749.0
2020-03-20,1566.15,108.51,7.44,1498.49,1566.82,1466.48,817021.0,10632970.0,1054892888.0
2020-03-23,1482.46,-83.69,-5.34,1474.45,1516.75,1458.41,647528.0,9645272.0,998450498.0
2020-03-24,1609.97,127.51,8.6,1523.69,1609.97,1508.68,679288.0,10481448.0,1083695461.0
2020-03-25,1704.76,94.79,5.89,1668.19,1707.64,1645.28,872809.0,12612288.0,1147712135.0
2020-03-26,1686.24,-18.52,-1.09,1699.11,1735.75,1679.23,992474.0,12374198.0,1135741554.0
2020-03-27,1717.73,31.49,1.87,1756.07,1759.05,1668.21,1077527.0,12851933.0,1156581472.0
2020-03-30,1717.12,-0.61,-0.04,1670.34,1729.63,1659.95,767777.0,9081050.0,1155630477.0
2020-03-31,1754.64,37.52,2.19,1739.29,1757.81,1722.62,1037488.0,13905369.0,1179728723.0
2020-04-01,1685.46,-69.18,-3.94,1737.28,1762.44,1685.37,1243591.0,12110507.0,1133944054.0
2020-04-02,1724.86,39.4,2.34,1693.53,1726.76,1664.13,766313.0,10152245.0,1159987256.0
2020-04-03,1725.44,0.58,0.03,1731.17,1743.91,1706.68,1000087.0,10153714.0,1160743273.0
2020-04-06,1791.88,66.44,3.85,1745.25,1794.19,1742.67,1219389.0,10957483.0,1205000552.0
2020-04-07,1823.6,31.72,1.77,1826.72,1838.97,1791.92,951739.0,11628936.0,1226518732.0
2020-04-08,1807.14,-16.46,-0.9,1815.75,1842.16,1801.8,907494.0,11126542.0,1215858624.0
2020-04-09,1836.21,29.07,1.61,1838.09,1839.33,1818.3,920571.0,10517359.0,1235327684.0
2020-04-10,1860.7,24.49,1.33,1835.76,1861.1,1824.43,992548.0,12009989.0,1251445975.0
2020-04-13,1825.76,-34.94,-1.88,1853.3,1853.3,1825.76,1017752.0,9516704.0,1228226158.0
2020-04-14,1857.08,31.32,1.72,1846.41,1864.46,1837.17,886766.0,9995854.0,1248940314.0
2020-04-16,1857.07,-0.01,0.0,1839.51,1862.23,1828.13,878338.0,10710793.0,1248881506.0
2020-04-17,1914.53,57.46,3.09,1893.31,1926.02,1893.19,1667460.0,14127722.0,1287911931.0
2020-04-20,1898.36,-16.17,-0.84,1908.34,1925.25,1893.17,1087463.0,11915932.0,1276932686.0
2020-04-21,1879.38,-18.98,-1.0,1886.78,1898.32,1841.66,1174294.0,13863164.0,1263694526.0
2020-04-22,1896.15,16.77,0.89,1855.51,1897.9,1844.85,820360.0,9428673.0,1274786181.0
2020-04-23,1914.73,18.58,0.98,1907.45,1923.53,1895.98,683720.0,9124272.0,1287024851.0
2020-04-24,1889.01,-25.72,-1.34,1906.07,1908.29,1880.71,933917.0,9647344.0,1271159367.0
2020-04-27,1922.77,33.76,1.79,1897.06,1929.82,1894.62,735663.0,8171669.0,1293318257.0
2020-04-28,1934.09,11.32,0.59,1931.25,1941.79,1911.63,1173476.0,10375078.0,1300504429.0
2020-04-29,1947.56,13.47,0.7,1936.89,1957.51,1934.31,1984182.0,10525129.0,1309179248.0
2020-05-04,1895.37,-52.19,-2.68,1906.42,1918.66,1894.29,1146855.0,10261902.0,1274213042.0
2020-05-06,1928.76,33.39,1.76,1919.45,1928.76,1902.55,1082527.0,8550701.0,1296556106.0
2020-05-07,1928.61,-0.15,-0.01,1922.0,1938.5,1918.57,775658.0,7383335.0,1296095633.0
2020-05-08,1945.82,17.21,0.89,1944.94,1956.89,1942.54,784773.0,7941568.0,1307404236.0
2020-05-11,1935.4,-10.42,-0.54,1953.51,1960.46,1932.87,591283.0,7752761.0,1300769234.0
2020-05-12,1922.17,-13.23,-0.68,1938.62,1938.62,1905.17,799930.0,9681897.0,1291568130.0
2020-05-13,1940.42,18.25,0.95,1897.5,1940.42,1897.24,618784.0,9012308.0,1303464008.0
2020-05-14,1924.96,-15.46,-0.8,1922.44,1931.43,1913.49,760646.0,9469021.0,1292884145.0
2020-05-15,1927.28,2.32,0.12,1937.63,1938.59,1913.21,866357.0,9723313.0,1294619578.0
2020-05-18,1937.11,9.83,0.51,1934.51,1943.07,1921.14,761696.0,9394307.0,1301926005.0
2020-05-19,1980.61,43.5,2.25,1977.47,1983.77,1968.59,773415.0,11918300.0,1331835812.0
2020-05-20,1989.64,9.03,0.46,1972.12,1992.2,1972.12,699447.0,8248632.0,1337699454.0
2020-05-21,1998.31,8.67,0.44,2003.2,2004.95,1993.0,601199.0,8636998.0,1343561078.0
2020-05-22,1970.13,-28.18,-1.41,2001.6,2002.65,1961.4,847467.0,9509772.0,1324302793.0
2020-05-25,1994.6,24.47,1.24,1980.51,1994.9,1967.84,641459.0,7960325.0,1340826177.0
2020-05-26,2029.78,35.18,1.76,2001.0,2029.89,1997.94,1017804.0,12545314.0,1363735034.0
2020-05-27,2031.2,1.42,0.07,2027.9,2043.44,2019.82,1178848.0,12635098.0,1364678863.0
2020-05-28,2028.54,-2.66,-0.13,2047.08,2054.52,2003.75,1172134.0,14479213.0,1363293486.0
2020-05-29,2029.6,1.06,0.05,2018.37,2038.89,2006.62,1086215.0,14084590.0,1363450451.0
2020-06-01,2065.08,35.48,1.75,2037.04,2065.38,2035.63,997348.0,9839657.0,1387477879.0
2020-06-02,2087.19,22.11,1.07,2061.45,2089.43,2059.14,1000332.0,10232917.0,1402057228.0
2020-06-03,2147.0,59.81,2.87,2108.55,2156.55,2107.69,1152001.0,16998832.0,1442871666.0
2020-06-04,2151.18,4.18,0.19,2181.64,2191.0,2139.68,1393308.0,16034002.0,1446260120.0
2020-06-05,2181.87,30.69,1.43,2151.17,2187.25,2138.18,854591.0,12778906.0,1466769477.0
2020-06-08,2184.29,2.42,0.11,2215.6,2217.21,2174.96,854035.0,13145519.0,1468714984.0
2020-06-09,2188.92,4.63,0.21,2206.23,2212.17,2166.01,817085.0,14689861.0,1472051666.0
2020-06-10,2195.69,6.77,0.31,2187.91,2200.68,2178.12,706294.0,12888183.0,1476712868.0
2020-06-11,2176.78,-18.91,-0.86,2184.36,2200.72,2148.51,827381.0,16987058.0,1464392590.0
2020-06-12,2132.3,-44.48,-2.04,2088.24,2137.12,2084.63,689897.0,14960781.0,1434087758.0
2020-06-15,2030.82,-101.48,-4.76,2114.41,2129.67,2030.82,1072278.0,18242465.0,1366175254.0
2020-06-16,2138.05,107.23,5.28,2091.09,2138.08,2079.02,973639.0,13837057.0,1437701364.0
2020-06-17,2141.05,3.0,0.14,2133.18,2154.37,2105.26,927516.0,15458440.0,1440025502.0
2020-06-18,2133.48,-7.57,-0.35,2134.35,2145.13,2120.29,767184.0,11089871.0,1435518023.0
2020-06-19,2141.32,7.84,0.37,2153.09,2153.57,2108.91,1079453.0,12300498.0,1441080603.0
2020-06-22,2126.73,-14.59,-0.68,2126.38,2142.88,2122.1,789372.0,10098315.0,1430718937.0
2020-06-23,2131.24,4.51,0.21,2149.13,2158.15,2110.51,917567.0,13496081.0,1433435233.0
2020-06-24,2161.51,30.27,1.42,2145.93,2171.86,2143.91,913896.0,13324798.0,1453951201.0
2020-06-25,2112.37,-49.14,-2.27,2130.45,2143.33,2112.37,1017721.0,10692627.0,1420866478.0
2020-06-26,2134.65,22.28,1.05,2137.47,2142.04,2115.25,761044.0,9821160.0,1436168481.0
2020-06-29,2093.48,-41.17,-1.93,2105.54,2120.5,2087.84,643156.0,9025868.0,1408463552.0
2020-06-30,2108.33,14.85,0.71,2124.38,2134.38,2108.26,708605.0,11699083.0,1418860741.0
2020-07-01,2106.7,-1.63,-0.08,2128.81,2133.55,2101.33,1116221.0,10232632.0,1417280238.0
2020-07-02,2135.37,28.67,1.36,2116.72,2135.37,2113.98,1091965.0,10745168.0,1445664482.0
2020-07-03,2152.41,17.04,0.8,2147.89,2153.54,2135.3,770055.0,8649544.0,1456812255.0
2020-07-06,2187.93,35.52,1.65,2158.95,2191.28,2157.71,666902.0,11656295.0,1480948171.0
2020-07-07,2164.17,-23.76,-1.09,2202.04,2206.79,2164.03,847434.0,14858393.0,1465179698.0
2020-07-08,2158.88,-5.29,-0.24,2166.76,2173.83,2150.89,677810.0,11567569.0,1460994855.0
2020-07-09,2167.9,9.02,0.42,2171.15,2181.48,2166.74,619368.0,12029950.0,1467208749.0
2020-07-10,2150.25,-17.65,-0.81,2171.44,2171.52,2140.29,886987.0,12048058.0,1455781561.0
2020-07-13,2186.06,35.81,1.67,2170.51,2188.8,2163.07,650231.0,10462266.0,1479593286.0
2020-07-14,2183.61,-2.45,-0.11,2176.43,2183.61,2165.6,810952.0,11633360.0,1477856002.0
2020-07-15,2201.88,18.27,0.84,2208.73,2216.97,2190.66,830266.0,13641396.0,1490240355.0
2020-07-16,2183.76,-18.12,-0.82,2203.3,2207.34,2177.82,784637.0,11304254.0,1478307593.0
2020-07-17,2201.19,17.43,0.8,2187.85,2204.2,2187.85,569297.0,10191103.0,1490180654.0
2020-07-20,2198.2,-2.99,-0.14,2209.59,2209.59,2183.83,686819.0,12025004.0,1488358384.0
2020-07-21,2228.83,30.63,1.39,2219.19,2234.86,2214.28,918483.0,15759333.0,1509515194.0
2020-07-22,2228.66,-0.17,-0.01,2228.2,2238.86,2221.62,856218.0,15651893.0,1509717833.0
2020-07-23,2216.19,-12.47,-0.56,2227.24,2227.24,2202.99,934542.0,16328983.0,1501425782.0
2020-07-24,2200.44,-15.75,-0.71,2196.73,2219.57,2195.49,1001025.0,17156947.0,1490986232.0
2020-07-27,2217.86,17.42,0.79,2203.48,2231.25,2203.48,928625.0,14256877.0,1502710706.0
2020-07-28,2256.99,39.13,1.76,2238.19,2266.0,2237.21,866726.0,17516982.0,1530086534.0
2020-07-29,2263.16,6.17,0.27,2258.35,2276.79,2252.24,899494.0,15500572.0,1536196696.0
2020-07-30,2267.01,3.85,0.17,2275.33,2281.33,2263.81,713039.0,13550209.0,1539287193.0
2020-07-31,2249.37,-17.64,-0.78,2278.53,2281.41,2248.49,739689.0,13002293.0,1526798728.0
2020-08-03,2251.04,1.67,0.07,2251.65,2254.38,2237.04,648462.0,13612906.0,1528025691.0
2020-08-04,2279.97,28.93,1.29,2272.33,2284.66,2269.69,722906.0,15287235.0,1548269502.0
2020-08-05,2311.86,31.89,1.4,2289.23,2312.14,2283.95,841299.0,17883091.0,1569777969.0
2020-08-06,2342.61,30.75,1.33,2322.64,2352.48,2322.64,797147.0,17831686.0,1590672221.0
2020-08-07,2351.67,9.06,0.39,2349.25,2362.24,2333.62,812595.0,17585764.0,1598022872.0
2020-08-10,2386.38,34.71,1.48,2353.92,2390.51,2349.33,784617.0,19511322.0,1621675151.0
2020-08-11,2418.67,32.29,1.35,2396.11,2429.36,2396.11,843438.0,19680402.0,1643244636.0
2020-08-12,2432.35,13.68,0.57,2414.78,2432.35,2393.27,763735.0,16680056.0,1652303925.0
2020-08-13,2437.53,5.18,0.21,2455.28,2458.17,2412.49,907219.0,18250023.0,1656293275.0
2020-08-14,2407.49,-30.04,-1.23,2427.85,2435.0,2383.69,968125.0,16595686.0,1636857790.0
2020-08-18,2348.24,-59.25,-2.46,2405.84,2419.65,2336.78,909750.0,17572479.0,1596724897.0
2020-08-19,2360.54,12.3,0.52,2370.87,2380.1,2353.17,637965.0,12367503.0,1604983685.0
2020-08-20,2274.22,-86.32,-3.66,2339.91,2357.08,2270.85,903744.0,17101785.0,1546235567.0
2020-08-21,2304.59,30.37,1.34,2306.16,2329.34,2280.97,865736.0,14111672.0,1566780399.0
2020-08-24,2329.83,25.24,1.1,2309.38,2332.33,2283.48,649277.0,11654193.0,1583436465.0
2020-08-25,2366.73,36.9,1.58,2352.15,2369.78,2340.97,771585.0,13567980.0,1608120253.0
2020-08-26,2369.32,2.59,0.11,2367.74,2374.68,2336.98,956478.0,14435847.0,1610120509.0
2020-08-27,2344.45,-24.87,-1.05,2371.95,2373.36,2344.38,913917.0,15184934.0,1593246017.0
2020-08-28,2353.8,9.35,0.4,2362.22,2379.26,2345.28,1297312.0,15539938.0,1599550089.0
2020-08-31,2326.17,-27.63,-1.17,2377.09,2381.5,2326.06,1647818.0,19494384.0,1581099787.0
2020-09-01,2349.55,23.38,1.01,2340.19,2355.9,2331.23,1085245.0,16664315.0,1596297723.0
2020-09-02,2364.37,14.82,0.63,2363.43,2369.57,2341.29,1429273.0,15793103.0,1605940739.0
2020-09-03,2395.9,31.53,1.33,2383.26,2401.78,2382.23,981546.0,17420977.0,1627702404.0
2020-09-04,2368.25,-27.65,-1.15,2332.68,2371.02,2332.68,1351039.0,19692978.0,1609097990.0
2020-09-07,2384.22,15.97,0.67,2369.85,2387.49,2362.42,1197385.0,17183376.0,1620531148.0
2020-09-08,2401.91,17.69,0.74,2402.66,2407.56,2391.43,979357.0,17297864.0,1633223140.0
2020-09-09,2375.81,-26.1,-1.09,2372.53,2388.85,2369.12,946247.0,15502531.0,1615470589.0
2020-09-10,2396.48,20.67,0.87,2404.83,2406.68,2388.56,1064574.0,15782939.0,1630210829.0
2020-09-11,2396.69,0.21,0.01,2389.76,2397.56,2374.0,882880.0,12068892.0,1630532301.0
2020-09-14,2427.91,31.22,1.3,2418.33,2429.07,2410.79,963083.0,12021767.0,1652166907.0
2020-09-15,2443.58,15.67,0.65,2434.59,2444.57,2423.79,849969.0,11840594.0,1662644697.0
2020-09-16,2435.92,-7.66,-0.31,2442.72,2450.53,2429.94,772938.0,11855357.0,1657263235.0
2020-09-17,2406.17,-29.75,-1.22,2430.77,2437.02,2398.69,853740.0,14235036.0,1636916706.0
2020-09-18,2412.4,6.23,0.26,2413.53,2417.81,2396.33,756517.0,13965197.0,1640898100.0
2020-09-21,2389.39,-23.01,-0.95,2412.44,2427.17,2379.38,1041993.0,14215076.0,1625769303.0
2020-09-22,2332.59,-56.8,-2.38,2388.14,2388.49,2323.58,1051028.0,17896726.0,1587733596.0
2020-09-23,2333.24,0.65,0.03,2352.56,2354.46,2287.44,735042.0,13562935.0,1587924103.0
2020-09-24,2272.7,-60.54,-2.59,2295.62,2309.74,2268.88,714881.0,12469005.0,1547321103.0
2020-09-25,2278.79,6.09,0.27,2295.19,2296.36,2267.63,697962.0,10181604.0,1551915294.0
2020-09-28,2308.08,29.29,1.29,2301.16,2314.81,2291.32,605977.0,8971172.0,1571128314.0
2020-09-29,2327.89,19.81,0.86,2331.51,2339.83,2320.04,646218.0,9487147.0,1584465079.0
2020-10-05,2358.0,30.11,1.29,2330.55,2364.73,2327.83,763618.0,10682774.0,1604627372.0
2020-10-06,2365.9,7.9,0.34,2369.17,2378.28,2355.39,861755.0,11131424.0,1609944298.0
2020-10-07,2386.94,21.04,0.89,2350.82,2387.45,2347.82,737994.0,8971101.0,1624292282.0
2020-10-08,2391.96,5.02,0.21,2408.49,2409.01,2383.82,961726.0,12530442.0,1628133500.0
2020-10-12,2403.73,11.77,0.49,2404.18,2409.42,2393.74,843574.0,10693283.0,1636302269.0
2020-10-13,2403.15,-0.58,-0.02,2416.85,2418.89,2385.87,724920.0,10203178.0,1636705770.0
2020-10-14,2380.48,-22.67,-0.94,2403.74,2405.56,2375.54,901177.0,11018495.0,1621936204.0
2020-10-15,2361.21,-19.27,-0.81,2375.91,2376.73,2348.74,1165501.0,13029475.0,1617478082.0
2020-10-16,2341.53,-19.68,-0.83,2363.88,2370.73,2325.03,920205.0,11141460.0,1604041752.0
2020-10-19,2346.74,5.21,0.22,2352.92,2364.25,2344.77,931645.0,10490730.0,1607299316.0
2020-10-20,2358.41,11.67,0.5,2333.56,2358.41,2322.06,874293.0,11833548.0,1616230745.0
2020-10-21,2370.86,12.45,0.53,2363.03,2371.74,2356.32,812837.0,9864098.0,1624489277.0
2020-10-22,2355.05,-15.81,-0.67,2355.61,2360.22,2339.73,815612.0,9774989.0,1614311509.0
2020-10-23,2360.81,5.76,0.24,2364.84,2368.57,2344.49,890385.0,10724122.0,1618108162.0
2020-10-26,2343.91,-16.9,-0.72,2366.5,2374.5,2342.58,822268.0,11654274.0,1607185398.0
2020-10-27,2330.84,-13.07,-0.56,2328.66,2349.33,2321.23,666942.0,11269186.0,1598388910.0
2020-10-28,2345.26,14.42,0.62,2324.18,2345.46,2316.47,705770.0,8941028.0,1607471156.0
2020-10-29,2326.67,-18.59,-0.79,2312.34,2330.17,2299.91,509768.0,10357788.0,1594058109.0
2020-10-30,2267.15,-59.52,-2.56,2319.56,2320.2,2266.93,795585.0,11782118.0,1553004436.0
2020-11-02,2300.16,33.01,1.46,2276.61,2302.64,2267.95,678501.0,8514452.0,1575793150.0
2020-11-03,2343.31,43.15,1.88,2315.81,2344.77,2315.3,887445.0,10874229.0,1605475497.0
2020-11-04,2357.32,14.01,0.6,2361.32,2371.14,2339.95,986786.0,14835039.0,1614836760.0
2020-11-05,2413.79,56.47,2.4,2373.41,2413.79,2370.85,702037.0,12578752.0,1653392888.0
2020-11-06,2416.5,2.71,0.11,2421.79,2431.11,2404.97,825569.0,12579333.0,1655495907.0
2020-11-09,2447.2,30.7,1.27,2438.63,2459.15,2434.52,1354863.0,14847225.0,1676944569.0
2020-11-10,2452.83,5.63,0.23,2453.95,2457.94,2435.59,1464168.0,17981336.0,1681030953.0
2020-11-11,2485.87,33.04,1.35,2459.5,2488.04,2459.5,1272039.0,18307326.0,1703946067.0
2020-11-12,2475.62,-10.25,-0.41,2482.68,2488.79,2467.04,1278692.0,16420010.0,1698329618.0
2020-11-13,2493.87,18.25,0.74,2470.12,2495.77,2460.96,1072383.0,17043855.0,1710439788.0
2020-11-16,2543.03,49.16,1.97,2507.46,2546.37,2507.46,1239135.0,19088400.0,1744282188.0
2020-11-17,2539.15,-3.88,-0.15,2544.12,2556.09,2533.34,1267495.0,17795513.0,1742186196.0
2020-11-18,2545.64,6.49,0.26,2548.85,2553.95,2536.78,923504.0,13554048.0,1746416815.0
2020-11-19,2547.42,1.78,0.07,2536.89,2548.95,2529.53,976483.0,12515007.0,1747598155.0
2020-11-20,2553.5,6.08,0.24,2544.06,2558.21,2539.79,1129501.0,12266186.0,1752065080.0
2020-11-23,2602.59,49.09,1.92,2560.04,2605.58,2553.7,1649443.0,15763526.0,1786992048.0
2020-11-24,2617.76,15.17,0.58,2616.28,2628.52,2605.03,1364506.0,16886574.0,1797825355.0
2020-11-25,2601.54,-16.22,-0.62,2637.34,2642.26,2583.41,1410105.0,21795848.0,1786075295.0
2020-11-26,2625.91,24.37,0.94,2605.73,2625.97,2592.43,1387435.0,12714565.0,1803103425.0
2020-11-27,2633.45,7.54,0.29,2624.8,2635.0,2618.47,1196042.0,12641691.0,1808171429.0
2020-11-30,2591.34,-42.11,-1.6,2648.05,2648.66,2591.34,1311831.0,21231832.0,1779635400.0
2020-12-01,2634.25,42.91,1.66,2613.42,2638.87,2611.67,1151129.0,15947293.0,1809494578.0
2020-12-02,2675.9,41.65,1.58,2645.88,2677.26,2644.53,1076204.0,17506705.0,1838364843.0
2020-12-03,2696.22,20.32,0.76,2686.38,2696.22,2672.85,817066.0,15605054.0,1852628728.0
2020-12-04,2731.45,35.23,1.31,2705.34,2742.77,2705.34,1778897.0,19875836.0,1877444703.0
2020-12-07,2745.44,13.99,0.51,2738.11,2754.01,2711.42,1499265.0,17933012.0,1888221382.0
2020-12-08,2700.93,-44.51,-1.62,2745.13,2747.45,2700.92,1415240.0,17157199.0,1857599327.0
2020-12-09,2755.47,54.54,2.02,2703.3,2755.47,2703.3,1252305.0,17007606.0,1894556865.0
2020-12-10,2746.46,-9.01,-0.33,2750.34,2765.46,2718.7,1227651.0,20630647.0,1889374447.0
2020-12-11,2770.06,23.6,0.86,2754.16,2781.04,2754.16,1215239.0,18329100.0,1906299605.0
2020-12-14,2762.2,-7.86,-0.28,2769.43,2782.79,2755.29,1113631.0,17012253.0,1901627365.0
2020-12-15,2756.82,-5.38,-0.19,2763.65,2769.37,2735.08,1093523.0,15537969.0,1897677117.0
2020-12-16,2771.79,14.97,0.54,2763.64,2781.08,2761.5,1166638.0,13649677.0,1907811219.0
2020-12-17,2770.43,-1.36,-0.05,2769.89,2772.71,2742.25,1015484.0,16275329.0,1906419280.0
2020-12-18,2772.18,1.75,0.06,2770.95,2782.15,2762.8,1059144.0,19166225.0,1907350242.0
2020-12-21,2778.65,6.47,0.23,2771.98,2780.24,2747.09,1139514.0,18972231.0,1911737301.0
2020-12-22,2733.68,-44.97,-1.62,2772.03,2774.22,2733.64,1260762.0,19881378.0,1881809988.0
2020-12-23,2759.82,26.14,0.96,2737.74,2769.08,2716.28,1121347.0,20281218.0,1901461519.0
2020-12-24,2806.86,47.04,1.7,2762.6,2812.16,2762.6,1030890.0,19984695.0,1936826862.0
2020-12-28,2808.6,1.74,0.06,2820.95,2834.59,2799.56,1006250.0,24197781.0,1938374378.0
2020-12-29,2820.51,11.91,0.42,2810.55,2823.44,2792.06,1046839.0,19299049.0,1944111086.0
2020-12-30,2873.47,52.96,1.88,2820.36,2878.21,2809.35,1074033.0,17928855.0,1980543162.0
2021-01-04,2944.45,70.98,2.47,2874.5,2946.54,2869.11,1026510.0,25011394.0,2028846032.0
2021-01-05,2990.57,46.12,1.57,2943.67,2990.57,2921.84,1519912.0,26548380.0,2059743508.0
2021-01-06,2968.21,-22.36,-0.75,2993.34,3027.16,2961.37,1793419.0,29909396.0,2044102754.0
2021-01-07,3031.68,63.47,2.14,2980.75,3055.28,2980.75,1524655.0,27182807.0,2086578562.0
2021-01-08,3152.18,120.5,3.97,3040.11,3161.11,3040.11,1297903.0,40909490.0,2170537648.0
2021-01-11,3148.45,-3.73,-0.12,3161.9,3266.23,3096.19,1712526.0,44433772.0,2171629412.0
2021-01-12,3125.95,-22.5,-0.71,3145.87,3154.79,3047.56,1390618.0,31407397.0,2155702540.0
2021-01-13,3148.29,22.34,0.71,3128.26,3164.37,3109.63,1578042.0,24725590.0,2169378970.0
2021-01-14,3149.93,1.64,0.05,3148.65,3159.03,3128.72,1233183.0,24122957.0,2170678334.0
2021-01-15,3085.9,-64.03,-2.03,3153.84,3189.9,3085.9,1331079.0,23162292.0,2127886649.0
2021-01-18,3013.93,-71.97,-2.33,3079.9,3079.9,3003.89,1472049.0,23186884.0,2077227073.0
2021-01-19,3092.66,78.73,2.61,3013.05,3107.0,3011.32,1353312.0,24190453.0,2131564250.0
2021-01-20,3114.55,21.89,0.71,3115.04,3145.01,3077.15,1192695.0,24628057.0,2146526770.0
2021-01-21,3160.84,46.29,1.49,3123.27,3163.21,3123.27,1360065.0,25279965.0,2179020943.0
2021-01-22,3140.63,-20.21,-0.64,3163.83,3185.26,3140.6,1111223.0,24305356.0,2165993243.0
2021-01-25,3208.99,68.36,2.18,3144.01,3212.22,3142.8,1093653.0,21172003.0,2212081519.0
2021-01-26,3140.31,-68.68,-2.14,3203.96,3209.18,3132.67,873024.0,21874954.0,2165657737.0
2021-01-27,3122.56,-17.75,-0.57,3143.46,3182.53,3118.89,924582.0,20147107.0,2152860460.0
2021-01-28,3069.05,-53.51,-1.71,3114.98,3114.98,3046.64,1310455.0,23007883.0,2115667110.0
2021-01-29,2976.21,-92.84,-3.03,3078.73,3100.22,2962.7,995071.0,24350307.0,2051302353.0
2021-02-01,3056.53,80.32,2.7,2976.81,3056.87,2947.24,969262.0,20724667.0,2104888955.0
2021-02-02,3096.81,40.28,1.32,3065.56,3138.95,3065.56,887314.0,19143871.0,2134009403.0
2021-02-03,3129.68,32.87,1.06,3108.42,3142.26,3091.85,901789.0,22427782.0,2158359679.0
2021-02-04,3087.55,-42.13,-1.35,3135.02,3135.02,3068.46,1460946.0,20648473.0,2130412929.0
2021-02-05,3120.63,33.08,1.07,3098.49,3124.62,3081.78,1193487.0,19789811.0,2154425469.0
2021-02-08,3091.24,-29.39,-0.94,3113.63,3128.54,3085.59,1277207.0,19312220.0,2132984549.0
2021-02-09,3084.67,-6.57,-0.21,3102.25,3129.66,3084.67,2145388.0,18389342.0,2129174908.0
2021-02-10,3100.58,15.91,0.52,3088.13,3111.88,3064.25,2152917.0,18333692.0,2140181514.0
2021-02-15,3147.0,46.42,1.5,3108.7,3156.56,3108.7,1604653.0,16944151.0,2172563782.0
2021-02-16,3163.25,16.25,0.52,3151.85,3180.94,3145.84,1944396.0,17171321.0,2184114152.0
2021-02-17,3133.73,-29.52,-0.93,3162.95,3162.95,3115.48,1784127.0,16846121.0,2162973198.0
2021-02-18,3086.66,-47.07,-1.5,3131.74,3140.4,3086.66,1860567.0,18141180.0,2130240936.0
2021-02-19,3107.62,20.96,0.68,3089.96,3109.67,3040.28,3455505.0,19720470.0,2145756604.0
2021-02-22,3079.75,-27.87,-0.9,3114.03,3142.48,3079.16,1831956.0,18224657.0,2126152211.0
2021-02-23,3070.09,-9.66,-0.31,3069.26,3094.29,3035.46,2357759.0,17661158.0,2118916098.0
2021-02-24,2994.98,-75.11,-2.45,3070.58,3092.05,2993.46,1560931.0,21519851.0,2067821072.0
2021-02-25,3099.69,104.71,3.5,3026.47,3099.8,3026.47,1280086.0,17213951.0,2139066413.0
2021-02-26,3012.95,-86.74,-2.8,3089.49,3089.49,2988.28,1361310.0,21504876.0,2079822287.0
2021-03-02,3043.87,30.92,1.03,3021.68,3096.5,3020.74,1749871.0,18852145.0,2100892200.0
2021-03-03,3082.99,39.12,1.29,3041.2,3083.04,3029.37,2236688.0,14714276.0,2127504522.0
2021-03-04,3043.49,-39.5,-1.28,3076.88,3076.88,3022.54,1278952.0,17149583.0,2100388462.0
2021-03-05,3026.26,-17.23,-0.57,3036.16,3036.98,2982.45,1187226.0,16767185.0,2089548989.0
2021-03-08,2996.11,-30.15,-1.0,3031.99,3055.65,2992.64,1928302.0,15786853.0,2069285179.0
2021-03-09,2976.12,-19.99,-0.67,2989.96,3000.49,2929.36,1534218.0,18419499.0,2056078963.0
2021-03-10,2958.12,-18.0,-0.6,2980.76,3013.95,2951.53,905647.0,13586638.0,2043540146.0
2021-03-11,3013.7,55.58,1.88,2964.3,3028.37,2964.3,1349204.0,16024120.0,2081131560.0
2021-03-12,3054.39,40.69,1.35,3030.73,3061.43,3030.73,1669085.0,13112979.0,2108739012.0
2021-03-15,3045.71,-8.68,-0.28,3057.06,3065.17,3036.14,1161784.0,12580944.0,2103490190.0
2021-03-16,3067.17,21.46,0.7,3049.23,3071.54,3049.23,1123922.0,12930136.0,2118221348.0
2021-03-17,3047.5,-19.67,-0.64,3067.76,3069.57,3027.2,814991.0,13933301.0,2104611972.0
2021-03-18,3066.01,18.51,0.61,3054.93,3090.19,3054.93,1232596.0,15133172.0,2131746122.0
2021-03-19,3039.53,-26.48,-0.86,3063.01,3063.01,3022.49,1068468.0,16337600.0,2113198643.0
2021-03-22,3035.46,-4.07,-0.13,3040.01,3048.11,3019.6,915739.0,13348889.0,2111019309.0
2021-03-23,3004.74,-30.72,-1.01,3038.25,3058.79,3003.05,1331210.0,16167128.0,2090378385.0
2021-03-24,2996.35,-8.39,-0.28,2996.32,3006.54,2971.04,978431.0,13400025.0,2088782705.0
2021-03-25,3008.33,11.98,0.4,2995.67,3024.63,2987.83,940354.0,13434688.0,2097224019.0
2021-03-26,3041.01,32.68,1.09,3012.79,3041.86,3012.79,1036383.0,15837825.0,2119963830.0
2021-03-29,3036.04,-4.97,-0.16,3047.71,3054.21,3025.39,1288846.0,16736098.0,2116791654.0
2021-03-30,3070.0,33.96,1.12,3038.44,3074.57,3038.44,1023075.0,14149217.0,2139668811.0
2021-03-31,3061.42,-8.58,-0.28,3073.39,3093.89,3061.4,1146989.0,14537438.0,2133373184.0
2021-04-01,3087.4,25.98,0.85,3073.77,3090.88,3069.68,922680.0,14035774.0,2151569269.0
2021-04-02,3112.8,25.4,0.82,3104.72,3121.58,3101.6,792705.0,13442351.0,2169819699.0
2021-04-05,3120.83,8.03,0.26,3121.23,3127.2,3101.86,1084792.0,13010540.0,2175988045.0
2021-04-06,3127.08,6.25,0.2,3123.8,3139.29,3110.19,1279017.0,13676602.0,2180839058.0
2021-04-07,3137.41,10.33,0.33,3129.07,3146.19,3125.33,1984774.0,14490177.0,2187857006.0
2021-04-08,3143.26,5.85,0.19,3137.25,3145.81,3122.09,1357293.0,17080031.0,2190897559.0
2021-04-09,3131.88,-11.38,-0.36,3146.51,3156.04,3125.24,1823162.0,15093695.0,2183407708.0
2021-04-12,3135.59,3.71,0.12,3134.88,3147.27,3127.91,1048783.0,13288261.0,2186336552.0
2021-04-13,3169.08,33.49,1.07,3138.21,3173.26,3136.99,1741348.0,16363773.0,2209344454.0
2021-04-14,3182.38,13.3,0.42,3169.95,3188.32,3162.12,1776265.0,15552014.0,2219837253.0
2021-04-15,3194.33,11.95,0.38,3180.73,3204.48,3178.99,1312992.0,17671287.0,2227893249.0
2021-04-16,3198.62,4.29,0.13,3194.08,3206.76,3185.67,985278.0,15542111.0,2230863451.0
2021-04-19,3198.84,0.22,0.01,3201.11,3214.45,3193.4,1060619.0,15378169.0,2231246758.0
2021-04-20,3220.7,21.86,0.68,3198.31,3220.82,3195.96,1296160.0,14508206.0,2246496867.0
2021-04-21,3171.66,-49.04,-1.52,3214.24,3214.24,3165.49,1767091.0,16916024.0,2212715486.0
2021-04-22,3177.52,5.86,0.18,3174.52,3196.97,3174.52,1752692.0,14862862.0,2217699634.0
2021-04-23,3186.1,8.58,0.27,3173.47,3188.7,3146.54,2253793.0,15653206.0,2223584747.0
2021-04-26,3217.53,31.43,0.99,3191.34,3217.53,3191.34,1298330.0,15753768.0,2244296748.0
2021-04-27,3215.42,-2.11,-0.07,3218.3,3223.05,3203.25,1534230.0,17177221.0,2242791906.0
2021-04-28,3181.47,-33.95,-1.06,3217.21,3219.69,3176.55,1412621.0,18379829.0,2219525997.0
2021-04-29,3174.07,-7.4,-0.23,3184.75,3200.41,3161.06,1222430.0,19126667.0,2214470771.0
2021-04-30,3147.86,-26.21,-0.83,3176.43,3179.43,3143.38,1359455.0,19207526.0,2196644814.0
2021-05-03,3127.2,-20.66,-0.66,3149.05,3174.26,3120.7,1041199.0,16975831.0,2183279571.0
2021-05-04,3147.37,20.17,0.64,3131.39,3147.38,3109.78,1283830.0,15962437.0,2197169422.0
2021-05-06,3178.74,31.37,1.0,3147.72,3178.74,3133.64,1239403.0,16626445.0,2218596989.0
2021-05-07,3197.2,18.46,0.58,3179.63,3205.11,3179.63,989680.0,15206303.0,2231754453.0
2021-05-10,3249.3,52.1,1.63,3201.46,3255.9,3201.46,1011267.0,17187182.0,2267392610.0
2021-05-11,3209.43,-39.87,-1.23,3239.92,3239.92,3192.25,1096718.0,21883490.0,2250813286.0
2021-05-12,3161.66,-47.77,-1.49,3209.36,3212.83,3138.04,1424059.0,22458066.0,2217704460.0
2021-05-13,3122.11,-39.55,-1.25,3146.97,3161.93,3103.88,1095948.0,21059804.0,2187284901.0
2021-05-14,3153.32,31.21,1.0,3131.35,3162.31,3131.35,836404.0,14493544.0,2209898270.0
2021-05-17,3134.52,-18.8,-0.6,3163.21,3173.01,3121.32,771306.0,14552524.0,2197146071.0
2021-05-18,3173.05,38.53,1.23,3135.38,3176.4,3135.38,786143.0,13898610.0,2223050434.0
2021-05-20,3162.28,-10.77,-0.34,3174.53,3174.53,3140.48,774252.0,13719657.0,2215262489.0
2021-05-21,3156.42,-5.86,-0.19,3171.91,3198.01,3149.46,797262.0,14789457.0,2211878674.0
2021-05-24,3144.3,-12.12,-0.38,3155.91,3163.27,3137.81,587968.0,11604047.0,2203296528.0
2021-05-25,3171.32,27.02,0.86,3152.93,3173.1,3148.3,612977.0,11728027.0,2222161158.0
2021-05-26,3168.43,-2.89,-0.09,3171.91,3183.97,3160.3,1269999.0,13173016.0,2220195702.0
2021-05-27,3165.51,-2.92,-0.09,3170.84,3173.86,3142.37,1082006.0,20682335.0,2213264037.0
2021-05-28,3188.73,23.22,0.73,3172.09,3198.66,3171.85,966368.0,13533299.0,2229262136.0
2021-05-31,3203.92,15.19,0.48,3192.06,3204.29,3179.87,1123525.0,14017446.0,2240204442.0
2021-06-01,3221.87,17.95,0.56,3207.12,3233.17,3199.18,1472571.0,15270804.0,2252414412.0
2021-06-02,3224.23,2.36,0.07,3224.4,3241.07,3216.1,1495671.0,17740842.0,2253801397.0
2021-06-03,3247.43,23.2,0.72,3224.96,3258.5,3224.96,1584799.0,16890462.0,2271047146.0
2021-06-04,3240.08,-7.35,-0.23,3246.17,3246.19,3218.67,1392320.0,16051031.0,2266301575.0
2021-06-07,3252.12,12.04,0.37,3244.59,3264.41,3233.4,1733348.0,19023222.0,2274803756.0
2021-06-08,3247.83,-4.29,-0.13,3251.83,3264.67,3242.56,1951319.0,19352174.0,2271737874.0
2021-06-09,3216.18,-31.65,-0.97,3245.08,3246.49,3216.18,1964923.0,17164710.0,2250239308.0
2021-06-10,3224.64,8.46,0.26,3216.94,3235.39,3210.31,1896766.0,19170540.0,2255706784.0
2021-06-11,3249.32,24.68,0.77,3226.98,3251.58,3226.98,1645509.0,17956257.0,2272865086.0
2021-06-14,3252.13,2.81,0.09,3249.6,3254.49,3238.51,1664527.0,15262485.0,2274655820.0
2021-06-15,3258.63,6.5,0.2,3253.17,3262.8,3247.9,1734497.0,14838275.0,2279093890.0
2021-06-16,3278.68,20.05,0.62,3259.06,3281.96,3256.68,2345811.0,16297981.0,2293095237.0
2021-06-17,3264.96,-13.72,-0.42,3276.2,3276.2,3251.32,1848671.0,14672133.0,2283628537.0
2021-06-18,3267.93,2.97,0.09,3265.68,3275.76,3262.58,1627658.0,17492732.0,2285587402.0
2021-06-21,3240.79,-27.14,-0.83,3264.18,3264.18,3225.56,1508634.0,17291260.0,2266650211.0
2021-06-22,3263.88,23.09,0.71,3245.79,3267.63,3245.79,1666697.0,15512033.0,2283310827.0
2021-06-23,3276.19,12.31,0.38,3265.73,3281.88,3263.07,1069175.0,17865269.0,2292900832.0
2021-06-24,3286.1,9.91,0.3,3281.47,3292.27,3277.85,1301271.0,21426510.0,2300141383.0
2021-06-25,3302.84,16.74,0.51,3289.18,3316.08,3289.18,1198188.0,18618608.0,2312030311.0
2021-06-28,3301.89,-0.95,-0.03,3305.46,3311.69,3291.3,1428764.0,13796056.0,2311642031.0
2021-06-29,3286.68,-15.21,-0.46,3305.26,3305.42,3276.63,1213047.0,15509503.0,2300482291.0
2021-06-30,3296.68,10.0,0.3,3288.63,3305.73,3288.63,1610376.0,15646662.0,2307579219.0
2021-07-01,3282.06,-14.62,-0.44,3297.92,3300.12,3278.1,1159231.0,16075975.0,2297428890.0
2021-07-02,3281.78,-0.28,-0.01,3282.81,3295.68,3278.19,1019998.0,15437887.0,2296886523.0
2021-07-05,3293.21,11.43,0.35,3285.29,3298.93,3285.29,850406.0,14529926.0,2305240405.0
2021-07-06,3305.21,12.0,0.36,3295.44,3313.51,3295.44,1029465.0,14686383.0,2314417370.0
2021-07-07,3285.34,-19.87,-0.6,3303.59,3303.59,3277.66,1147641.0,14507060.0,2300642186.0
2021-07-08,3252.68,-32.66,-0.99,3287.68,3295.71,3252.41,1516034.0,16870624.0,2277841604.0
2021-07-09,3217.95,-34.73,-1.07,3245.52,3245.52,3188.8,1308365.0,16473106.0,2253697508.0
2021-07-12,3246.47,28.52,0.89,3227.51,3251.45,3227.51,1135043.0,11280079.0,2273494421.0
2021-07-13,3271.38,24.91,0.77,3253.24,3273.9,3253.24,1150101.0,13494446.0,2290584923.0
2021-07-14,3264.81,-6.57,-0.2,3270.09,3270.09,3250.45,908954.0,12993101.0,2286388813.0
2021-07-15,3286.22,21.41,0.66,3269.33,3286.58,3263.09,1172431.0,13683901.0,2301050678.0
2021-07-16,3276.91,-9.31,-0.28,3282.89,3282.89,3259.32,1066507.0,14781319.0,2304505795.0
2021-07-19,3244.04,-32.87,-1.0,3258.87,3258.87,3236.39,1095559.0,12855281.0,2281788153.0
2021-07-20,3232.7,-11.34,-0.35,3223.24,3234.8,3214.42,979670.0,15292372.0,2273800450.0
2021-07-21,3215.91,-16.79,-0.52,3251.13,3252.25,3215.91,990327.0,14864748.0,2262423630.0
2021-07-22,3250.21,34.3,1.07,3235.17,3253.75,3235.17,712983.0,13039250.0,2286455397.0
2021-07-23,3254.42,4.21,0.13,3253.44,3264.01,3246.09,805048.0,13209383.0,2288976880.0
2021-07-26,3224.95,-29.47,-0.91,3265.99,3265.99,3224.95,826067.0,12212491.0,2268644077.0
2021-07-27,3232.53,7.58,0.24,3244.43,3252.85,3230.75,991939.0,12348469.0,2273599243.0
2021-07-28,3236.86,4.33,0.13,3226.06,3243.21,3210.9,868603.0,11979297.0,2276373997.0
2021-07-29,3242.65,5.79,0.18,3248.49,3252.26,3232.5,694823.0,10491307.0,2280494339.0
2021-07-30,3202.32,-40.33,-1.24,3234.37,3234.66,3202.32,687861.0,12808243.0,2252545492.0
2021-08-02,3223.04,20.72,0.65,3218.42,3223.04,3194.0,561003.0,10237986.0,2267461203.0
2021-08-03,3237.14,14.1,0.44,3221.57,3237.14,3213.2,653513.0,12491381.0,2278025799.0
2021-08-04,3280.38,43.24,1.34,3246.65,3283.14,3237.55,632242.0,12357120.0,2308134805.0
2021-08-05,3276.13,-4.25,-0.13,3283.25,3296.17,3273.33,680941.0,11877709.0,2305637212.0
2021-08-06,3270.36,-5.77,-0.18,3277.06,3288.17,3261.93,941361.0,15455404.0,2334628994.0
2021-08-09,3260.42,-9.94,-0.3,3258.1,3275.15,3251.74,707654.0,15732538.0,2329309985.0
2021-08-10,3243.19,-17.23,-0.53,3272.44,3272.44,3232.46,730349.0,21657925.0,2339206516.0
2021-08-11,3220.62,-22.57,-0.7,3235.36,3250.21,3217.65,618093.0,19193401.0,2322607459.0
2021-08-12,3208.38,-12.24,-0.38,3213.58,3229.59,3202.11,643283.0,20403906.0,2313093348.0
2021-08-13,3171.29,-37.09,-1.16,3205.75,3209.72,3146.76,696468.0,20201969.0,2285376012.0
2021-08-17,3143.09,-28.2,-0.89,3169.74,3179.49,3134.48,690842.0,22241588.0,2265401557.0
2021-08-18,3158.93,15.84,0.5,3141.98,3175.88,3124.56,622792.0,16752627.0,2276820395.0
2021-08-19,3097.83,-61.1,-1.93,3140.01,3158.0,3097.83,655629.0,17170844.0,2235216708.0
2021-08-20,3060.51,-37.32,-1.2,3111.1,3122.09,3049.03,672088.0,16450580.0,2209662899.0
2021-08-23,3090.21,29.7,0.97,3086.81,3111.81,3064.65,570980.0,13424033.0,2230738569.0
2021-08-24,3138.3,48.09,1.56,3119.7,3142.58,3115.23,586535.0,14946074.0,2266706992.0
2021-08-25,3146.81,8.51,0.27,3148.13,3161.0,3124.25,624688.0,13365596.0,2272311235.0
2021-08-26,3128.53,-18.28,-0.58,3151.3,3159.37,3121.04,727719.0,13335288.0,2259280094.0
2021-08-27,3133.9,5.37,0.17,3116.29,3143.01,3106.97,520669.0,11039934.0,2262422712.0
2021-08-30,3144.19,10.29,0.33,3160.87,3164.87,3132.77,602858.0,11758710.0,2269580866.0
2021-08-31,3199.27,55.08,1.75,3144.49,3199.89,3130.3,661221.0,15863630.0,2309062613.0
2021-09-01,3207.02,7.75,0.24,3195.67,3215.13,3185.8,746705.0,13537908.0,2317655772.0
2021-09-02,3175.85,-31.17,-0.97,3198.03,3204.01,3171.78,757860.0,15378375.0,2297103342.0
2021-09-03,3201.06,25.21,0.79,3189.71,3203.08,3181.64,641510.0,13110992.0,2315800431.0
2021-09-06,3203.33,2.27,0.07,3196.3,3206.25,3186.79,726190.0,12313477.0,2318348874.0
2021-09-07,3187.42,-15.91,-0.5,3200.07,3201.76,3176.81,760160.0,11943337.0,2306637033.0
2021-09-08,3162.99,-24.43,-0.77,3178.74,3187.55,3157.07,859889.0,17302711.0,2290248707.0
2021-09-09,3114.7,-48.29,-1.53,3146.64,3158.6,3111.49,927369.0,17787105.0,2256111112.0
2021-09-10,3125.76,11.06,0.36,3121.09,3131.54,3103.38,723085.0,13566490.0,2262866817.0
2021-09-13,3127.86,2.1,0.07,3117.35,3139.13,3109.01,732270.0,13505433.0,2264159333.0
2021-09-14,3148.83,20.97,0.67,3137.32,3164.31,3137.32,713227.0,15787292.0,2280258289.0
2021-09-15,3153.4,4.57,0.15,3147.21,3164.01,3138.8,616557.0,12162694.0,2284157741.0
2021-09-16,3130.09,-23.31,-0.74,3165.38,3167.68,3126.65,612873.0,12259518.0,2267220040.0
2021-09-17,3140.51,10.42,0.33,3127.75,3142.13,3112.51,589244.0,14937658.0,2284484861.0
2021-09-23,3127.58,-12.93,-0.41,3123.64,3131.63,3107.98,623841.0,14009138.0,2275325270.0
2021-09-24,3125.24,-2.34,-0.07,3140.73,3146.86,3119.4,753222.0,12558236.0,2273591460.0
2021-09-27,3133.64,8.4,0.27,3121.7,3146.35,3119.26,883229.0,12266967.0,2279894818.0
2021-09-28,3097.92,-35.72,-1.14,3133.4,3134.46,3095.72,894913.0,14658731.0,2254315886.0
2021-09-29,3060.27,-37.65,-1.22,3055.5,3069.04,3030.6,821558.0,15137008.0,2226722697.0
2021-09-30,3068.82,8.55,0.28,3054.87,3079.43,3046.43,885819.0,14942854.0,2231957338.0
2021-10-01,3019.18,-49.64,-1.62,3056.21,3062.6,3015.01,855482.0,12944006.0,2195489102.0
2021-10-05,2962.17,-57.01,-1.89,2998.17,2998.17,2940.59,840557.0,15315537.0,2153672546.0
2021-10-06,2908.31,-53.86,-1.82,2986.06,2993.47,2908.3,901722.0,15668592.0,2114932681.0
2021-10-07,2959.46,51.15,1.76,2936.87,2961.53,2927.6,595382.0,11906737.0,2151410767.0
2021-10-08,2956.3,-3.16,-0.11,2977.82,2978.08,2949.01,668947.0,12634091.0,2150115811.0
2021-10-12,2916.38,-39.92,-1.35,2950.22,2950.94,2901.51,660181.0,12767650.0,2120560982.0
2021-10-13,2944.41,28.03,0.96,2913.34,2953.33,2909.47,752132.0,12294514.0,2141374217.0
2021-10-14,2988.64,44.23,1.5,2968.87,2988.97,2962.33,617170.0,12064564.0,2172764571.0
2021-10-15,3015.06,26.42,0.88,3012.62,3021.9,2999.33,857798.0,12540973.0,2192125725.0
2021-10-18,3006.68,-8.38,-0.28,3017.48,3021.17,2990.44,926369.0,10649949.0,2186010002.0
2021-10-19,3029.04,22.36,0.74,3022.23,3034.53,3014.19,845704.0,10112026.0,2202301797.0
2021-10-20,3013.13,-15.91,-0.53,3043.13,3047.24,3012.97,680327.0,11178213.0,2191094043.0
2021-10-21,3007.33,-5.8,-0.19,3012.28,3025.88,3002.74,887370.0,10572398.0,2185679891.0
2021-10-22,3006.16,-1.17,-0.04,3005.36,3018.7,2996.26,695273.0,9047263.0,2184542201.0
2021-10-25,3020.54,14.38,0.48,3001.1,3025.27,2983.29,791796.0,10489294.0,2194484567.0
2021-10-26,3049.08,28.54,0.94,3039.82,3051.65,3030.53,564560.0,9512682.0,2215757780.0
2021-10-27,3025.49,-23.59,-0.77,3045.83,3049.02,3019.0,607875.0,10220673.0,2198753266.0
2021-10-28,3009.55,-15.94,-0.53,3023.17,3034.42,3009.55,617257.0,12367618.0,2188063339.0
2021-10-29,2970.68,-38.87,-1.29,3025.67,3030.17,2965.4,545834.0,11035682.0,2159375927.0
2021-11-01,2978.94,8.26,0.28,2984.18,2991.81,2976.87,475382.0,9410799.0,2166070210.0
2021-11-02,3013.49,34.55,1.16,2995.58,3034.3,2995.58,525853.0,9662968.0,2191376531.0
2021-11-03,2975.71,-37.78,-1.25,3020.36,3020.87,2969.01,658648.0,12438268.0,2189540503.0
2021-11-04,2983.22,7.51,0.25,3000.92,3011.56,2978.07,772024.0,14658520.0,2195428830.0
2021-11-05,2969.27,-13.95,-0.47,3003.53,3003.53,2953.96,688028.0,12669723.0,2185189386.0
2021-11-08,2960.2,-9.07,-0.31,2965.36,2968.18,2930.9,560205.0,10388089.0,2178020380.0
2021-11-09,2962.46,2.26,0.08,2958.15,2987.28,2949.17,708773.0,9684977.0,2180787959.0
2021-11-10,2930.17,-32.29,-1.09,2947.46,2958.61,2924.36,570932.0,9663221.0,2157022730.0
2021-11-11,2924.92,-5.25,-0.18,2911.41,2925.19,2903.72,572859.0,13468396.0,2153082343.0
2021-11-12,2968.8,43.88,1.5,2945.95,2973.84,2938.27,665733.0,12472956.0,2185439468.0
2021-11-15,2999.52,30.72,1.03,2989.68,3003.71,2979.96,639396.0,11402053.0,2207950545.0
2021-11-16,2997.21,-2.31,-0.08,2995.68,3011.88,2985.34,579646.0,11101213.0,2208638226.0
2021-11-17,2962.42,-34.79,-1.16,3004.02,3004.67,2957.7,541490.0,10661680.0,2183852304.0
2021-11-18,2947.38,-15.04,-0.51,2959.26,2964.48,2937.53,541653.0,10119317.0,2173103105.0
2021-11-19,2971.02,23.64,0.8,2951.06,2974.64,2948.07,657094.0,11002169.0,2192237375.0
2021-11-22,3013.25,42.23,1.42,2983.38,3018.01,2980.73,530959.0,12945533.0,2225325425.0
2021-11-23,2997.33,-15.92,-0.53,3013.16,3016.36,2992.14,524233.0,10830504.0,2213806548.0
2021-11-24,2994.29,-3.04,-0.1,3006.34,3017.9,2981.02,556640.0,10963459.0,2210804289.0
2021-11-25,2980.27,-14.02,-0.47,2996.74,2996.74,2973.24,595970.0,9401091.0,2199950623.0
2021-11-26,2936.44,-43.83,-1.47,2973.04,2985.77,2930.31,595598.0,11901298.0,2167444597.0
2021-11-29,2909.32,-27.12,-0.92,2906.15,2930.22,2890.78,844400.0,13092783.0,2148359053.0
2021-11-30,2839.01,-70.31,-2.42,2932.71,2942.93,2822.73,983556.0,19852271.0,2095821072.0
2021-12-01,2899.72,60.71,2.14,2860.12,2905.74,2837.03,563927.0,12534485.0,2143338152.0
2021-12-02,2945.27,45.55,1.57,2874.64,2945.27,2874.64,534462.0,11918441.0,2176914270.0
2021-12-03,2968.33,23.06,0.78,2935.93,2975.44,2927.55,486749.0,10344373.0,2192835466.0
2021-12-06,2973.25,4.92,0.17,2954.82,2983.5,2932.49,479908.0,9657402.0,2197379064.0
2021-12-07,2991.72,18.47,0.62,2973.84,2992.31,2960.9,541370.0,10215647.0,2211216991.0
2021-12-08,3001.8,10.08,0.34,3017.93,3036.13,2995.34,488246.0,11115221.0,2218153437.0
2021-12-09,3029.57,27.77,0.93,3007.0,3029.57,3001.55,513446.0,12614031.0,2238777012.0
2021-12-10,3010.23,-19.34,-0.64,3008.7,3017.64,2998.29,451599.0,8434891.0,2225643250.0
2021-12-13,3001.66,-8.57,-0.28,3019.67,3043.83,3000.51,375828.0,8629449.0,2219441357.0
2021-12-14,2987.95,-13.71,-0.46,2983.95,3001.7,2976.16,581570.0,9856790.0,2209778034.0
2021-12-15,2989.39,1.44,0.05,2979.83,2992.3,2973.0,432874.0,8253059.0,2210896375.0
2021-12-16,3006.41,17.02,0.57,3013.26,3018.2,2989.63,402825.0,8524314.0,2223256396.0
2021-12-17,3017.73,11.32,0.38,2985.2,3017.73,2984.19,451824.0,11650003.0,2231055479.0
2021-12-20,2963.0,-54.73,-1.81,3001.33,3001.33,2962.07,377585.0,8621306.0,2191456184.0
2021-12-21,2975.03,12.03,0.41,2981.67,2984.56,2955.9,410980.0,9108501.0,2200896110.0
2021-12-22,2984.48,9.45,0.32,2993.5,3000.79,2976.65,461755.0,8835650.0,2208300471.0
2021-12-23,2998.17,13.69,0.46,2998.02,3000.7,2980.91,483839.0,9319627.0,2218653457.0
2021-12-24,3012.43,14.26,0.48,3009.48,3025.77,3009.48,537548.0,8583473.0,2230019406.0
2021-12-27,2999.55,-12.88,-0.43,3013.94,3017.31,2999.3,475363.0,8280395.0,2221527069.0
2021-12-28,3020.24,20.69,0.69,3006.77,3020.29,2991.55,607046.0,12096894.0,2237623537.0
2021-12-29,2993.29,-26.95,-0.89,3002.9,3007.72,2988.67,545832.0,10908667.0,2215462632.0
2021-12-30,2977.65,-15.64,-0.52,2999.75,3005.36,2975.74,461038.0,8727458.0,2203366546.0
2022-01-03,2988.77,11.12,0.37,2998.32,3010.77,2979.42,435826.0,8193887.0,2211373367.0
2022-01-04,2989.24,0.47,0.02,2991.97,2995.25,2973.08,621549.0,9991474.0,2212087920.0
2022-01-05,2953.97,-35.27,-1.18,2984.05,2986.2,2936.73,787346.0,15428423.0,2186715367.0
2022-01-06,2920.53,-33.44,-1.13,2925.4,2952.54,2915.38,786045.0,13297135.0,2162437324.0
2022-01-07,2954.89,34.36,1.18,2933.78,2959.03,2933.1,546172.0,10582421.0,2187560534.0
2022-01-10,2926.72,-28.17,-0.95,2947.37,2951.12,2910.9,477400.0,10397828.0,2166763875.0
2022-01-11,2927.38,0.66,0.02,2930.93,2943.57,2909.82,566172.0,10646542.0,2168032047.0
2022-01-12,2972.48,45.1,1.54,2950.78,2972.58,2950.31,519501.0,10895354.0,2200967250.0
2022-01-13,2962.09,-10.39,-0.35,2979.91,2982.14,2958.39,604871.0,11458979.0,2193799600.0
2022-01-14,2921.92,-40.17,-1.36,2937.61,2944.97,2914.73,532668.0,10799738.0,2164996763.0
2022-01-17,2890.1,-31.82,-1.09,2918.55,2919.67,2875.98,593261.0,10396513.0,2141590251.0
2022-01-18,2864.24,-25.86,-0.89,2898.98,2902.79,2857.26,554041.0,10040965.0,2121897006.0
2022-01-19,2842.28,-21.96,-0.77,2840.34,2871.79,2832.18,463829.0,9649067.0,2105223650.0
2022-01-20,2862.68,20.4,0.72,2842.28,2862.7,2830.97,395669.0,8872018.0,2119405878.0
2022-01-21,2834.29,-28.39,-0.99,2837.49,2847.95,2817.11,532753.0,10718108.0,2098926813.0
2022-01-24,2792.0,-42.29,-1.49,2823.76,2828.11,2780.68,473993.0,9304491.0,2068283398.0
2022-01-25,2720.39,-71.61,-2.56,2786.41,2789.62,2703.99,639959.0,11700945.0,2016270364.0
2022-01-26,2709.24,-11.15,-0.41,2729.75,2744.14,2708.1,472651.0,8978727.0,2007683222.0
2022-01-27,2614.49,-94.75,-3.5,2709.24,2722.86,2614.49,487727.0,20548835.0,2056788549.0
2022-01-28,2663.34,48.85,1.87,2617.87,2668.59,2591.53,434187.0,13753057.0,2094859102.0
2022-02-03,2707.82,44.48,1.67,2706.34,2735.34,2702.78,435710.0,12472536.0,2129673299.0
2022-02-04,2750.26,42.44,1.57,2714.83,2751.8,2712.87,536149.0,11393256.0,2162189762.0
2022-02-07,2745.06,-5.2,-0.19,2750.7,2750.7,2718.94,417838.0,11291948.0,2157575112.0
2022-02-08,2746.47,1.41,0.05,2767.76,2779.85,2726.72,560534.0,11785877.0,2158494534.0
2022-02-09,2768.85,22.38,0.81,2772.63,2773.38,2753.51,539124.0,10337571.0,2176095838.0
2022-02-10,2771.93,3.08,0.11,2787.44,2788.27,2761.76,509611.0,12776154.0,2179937247.0
2022-02-11,2747.71,-24.22,-0.87,2739.14,2766.7,2735.08,480520.0,10992603.0,2161381267.0
2022-02-14,2704.48,-43.23,-1.57,2715.1,2724.72,2688.24,616343.0,11579387.0,2126853150.0
2022-02-15,2676.54,-27.94,-1.03,2712.45,2716.45,2665.47,589039.0,9435834.0,2104887624.0
2022-02-16,2729.68,53.14,1.99,2719.61,2730.43,2711.34,422366.0,8389883.0,2146197286.0
2022-02-17,2744.09,14.41,0.53,2735.11,2770.66,2711.99,611422.0,11812905.0,2157575548.0
2022-02-18,2744.52,0.43,0.02,2714.52,2747.08,2711.88,513521.0,8508342.0,2157425759.0
2022-02-21,2743.8,-0.72,-0.03,2706.65,2746.62,2694.9,495301.0,7896734.0,2156626849.0
2022-02-22,2706.79,-37.01,-1.35,2705.08,2721.84,2690.09,648401.0,10590490.0,2127945076.0
2022-02-23,2719.53,12.74,0.47,2727.43,2729.56,2705.31,537841.0,9138534.0,2137367310.0
2022-02-24,2648.8,-70.73,-2.6,2689.28,2694.55,2642.63,926400.0,13586138.0,2082126695.0
2022-02-25,2676.76,27.96,1.06,2678.47,2694.81,2665.96,664347.0,12221012.0,2103963329.0
2022-02-28,2699.18,22.42,0.84,2663.0,2699.18,2658.25,613470.0,12894248.0,2120187754.0
2022-03-02,2703.52,4.34,0.16,2698.31,2716.46,2692.24,527950.0,10996673.0,2123032520.0
2022-03-03,2747.08,43.56,1.61,2729.86,2748.21,2726.35,614515.0,10592862.0,2156827002.0
2022-03-04,2713.43,-33.65,-1.22,2736.58,2736.58,2702.34,765676.0,12427424.0,2132467179.0
2022-03-07,2651.31,-62.12,-2.29,2680.17,2680.17,2644.1,571562.0,12089300.0,2083197353.0
2022-03-08,2622.4,-28.91,-1.09,2617.33,2647.18,2605.81,540370.0,11679452.0,2060695940.0
2022-03-10,2680.32,57.92,2.21,2660.86,2682.79,2660.86,613810.0,13694703.0,2105097714.0
2022-03-11,2661.28,-19.04,-0.71,2665.95,2672.62,2647.28,797034.0,12363206.0,2090547969.0
2022-03-14,2645.65,-15.63,-0.59,2654.93,2661.76,2633.31,636324.0,12037827.0,2078071441.0
2022-03-15,2621.53,-24.12,-0.91,2630.31,2641.97,2615.08,604182.0,9583002.0,2059389990.0
2022-03-16,2659.23,37.7,1.44,2649.85,2659.9,2630.03,736354.0,9310851.0,2088519368.0
2022-03-17,2694.51,35.28,1.33,2703.27,2714.0,2694.51,546079.0,11900905.0,2116541927.0
2022-03-18,2707.02,12.51,0.46,2695.64,2708.16,2688.71,644017.0,11442604.0,2125657537.0
2022-03-21,2686.05,-20.97,-0.77,2717.81,2717.81,2683.69,502402.0,8693850.0,2109394247.0
2022-03-22,2710.0,23.95,0.89,2686.68,2712.14,2686.58,489442.0,9367506.0,2127002890.0
2022-03-23,2735.05,25.05,0.92,2727.12,2742.27,2720.83,883376.0,11838672.0,2146408436.0
2022-03-24,2729.66,-5.39,-0.2,2716.25,2729.66,2705.14,960898.0,13177859.0,2142618011.0
2022-03-25,2729.98,0.32,0.01,2740.83,2740.95,2722.36,602771.0,10824995.0,2143377809.0
2022-03-28,2729.56,-0.42,-0.02,2721.22,2737.46,2707.74,768043.0,9801744.0,2143333164.0
2022-03-29,2741.07,11.51,0.42,2745.62,2754.18,2733.22,732159.0,10020300.0,2152615774.0
2022-03-30,2746.74,5.67,0.21,2758.31,2760.6,2740.02,840134.0,11099514.0,2156901356.0
2022-03-31,2757.65,10.91,0.4,2743.24,2765.2,2743.2,1030289.0,9729367.0,2164962824.0
2022-04-01,2739.85,-17.8,-0.65,2745.85,2745.85,2729.68,1305564.0,10689584.0,2151279538.0
2022-04-04,2757.9,18.05,0.66,2729.86,2758.38,2722.45,1022971.0,9744918.0,2164964282.0
2022-04-05,2759.2,1.3,0.05,2765.5,2769.18,2750.5,1605994.0,9933181.0,2165864596.0
2022-04-06,2735.03,-24.17,-0.88,2739.07,2747.85,2730.66,1321645.0,11014545.0,2147029119.0
2022-04-07,2695.86,-39.17,-1.43,2714.7,2718.5,2693.36,999276.0,12291043.0,2116922779.0
2022-04-08,2700.39,4.53,0.17,2706.64,2712.0,2685.52,948355.0,10296234.0,2119201356.0
2022-04-11,2693.1,-7.29,-0.27,2687.54,2711.02,2683.96,742602.0,8831630.0,2113756558.0
2022-04-12,2666.76,-26.34,-0.98,2674.17,2685.08,2658.4,870970.0,9853720.0,2092582277.0
2022-04-13,2716.49,49.73,1.86,2677.53,2717.63,2672.6,733241.0,9645446.0,2131314721.0
2022-04-14,2716.71,0.22,0.01,2719.34,2720.3,2702.61,665351.0,11419812.0,2130735885.0
2022-04-15,2696.06,-20.65,-0.76,2695.52,2705.41,2685.01,693718.0,9570268.0,2114429291.0
2022-04-18,2693.21,-2.85,-0.11,2685.04,2701.11,2681.37,1024915.0,9050332.0,2112795552.0
2022-04-19,2718.89,25.68,0.95,2707.76,2723.98,2705.32,1257385.0,9779975.0,2133070296.0
2022-04-20,2718.69,-0.2,-0.01,2718.49,2724.46,2702.84,1736283.0,12283913.0,2132905875.0
2022-04-21,2728.21,9.52,0.35,2725.71,2737.54,2725.04,1002973.0,11482591.0,2140416801.0
2022-04-22,2704.71,-23.5,-0.86,2704.72,2708.58,2690.48,1239910.0,12120588.0,2122781766.0
2022-04-25,2657.13,-47.58,-1.76,2676.67,2680.35,2657.04,1018005.0,11698116.0,2085607419.0
2022-04-26,2668.31,11.18,0.42,2674.0,2678.05,2663.83,889942.0,10807853.0,2093885341.0
2022-04-27,2639.06,-29.25,-1.1,2630.58,2641.82,2615.5,1072367.0,12558711.0,2070445708.0
2022-04-28,2667.49,28.43,1.08,2656.54,2667.49,2638.37,899169.0,12463396.0,2097782080.0
2022-04-29,2695.05,27.56,1.03,2669.18,2696.1,2664.06,975253.0,12664752.0,2119864985.0
2022-05-02,2687.45,-7.6,-0.28,2669.21,2689.91,2667.85,873723.0,9075649.0,2114441740.0
2022-05-03,2680.46,-6.99,-0.26,2690.16,2702.1,2680.46,883403.0,9199338.0,2109346131.0
2022-05-04,2677.57,-2.89,-0.11,2690.45,2696.03,2667.23,1181020.0,9903934.0,2107550083.0
2022-05-06,2644.51,-33.06,-1.23,2650.89,2652.51,2635.97,1333936.0,10595418.0,2081320428.0
2022-05-09,2610.81,-33.7,-1.27,2634.32,2642.75,2606.08,892653.0,9289661.0,2055162929.0
2022-05-10,2596.56,-14.25,-0.55,2590.13,2602.75,2553.01,841463.0,10842463.0,2043673173.0
2022-05-11,2592.27,-4.29,-0.17,2586.52,2599.11,2579.09,679510.0,8608259.0,2040258394.0
2022-05-12,2550.08,-42.19,-1.63,2569.5,2591.57,2546.8,900331.0,12167915.0,2007195727.0
2022-05-13,2604.24,54.16,2.12,2570.01,2605.84,2565.96,788539.0,10342061.0,2049292684.0
2022-05-16,2596.58,-7.66,-0.29,2624.69,2629.2,2593.61,780199.0,8528537.0,2043528753.0
2022-05-17,2620.44,23.86,0.92,2603.58,2621.84,2603.58,873519.0,9658877.0,2062679874.0
2022-05-18,2625.98,5.54,0.21,2634.75,2644.13,2618.0,870268.0,10047168.0,2067575122.0
2022-05-19,2592.34,-33.64,-1.28,2576.24,2597.79,2568.54,677595.0,9883990.0,2041376481.0
2022-05-20,2639.29,46.95,1.81,2605.78,2641.68,2605.38,755653.0,9634339.0,2077558136.0
2022-05-23,2647.38,8.09,0.31,2651.63,2653.87,2634.29,644205.0,7815204.0,2083210177.0
2022-05-24,2605.87,-41.51,-1.57,2638.94,2646.99,2605.87,851236.0,8703526.0,2050778685.0
2022-05-25,2617.22,11.35,0.44,2621.75,2630.17,2602.94,712611.0,8353419.0,2059889816.0
2022-05-26,2612.45,-4.77,-0.18,2616.99,2641.91,2602.01,595849.0,8613524.0,2056303508.0
2022-05-27,2638.05,25.6,0.98,2640.75,2644.71,2631.49,590814.0,8028159.0,2076115881.0
2022-05-30,2669.66,31.61,1.2,2662.31,2672.74,2654.18,469798.0,7473952.0,2101290667.0
2022-05-31,2685.9,16.24,0.61,2666.88,2685.9,2654.32,671679.0,13970896.0,2113784329.0
2022-06-02,2658.99,-26.91,-1.0,2670.74,2674.0,2653.59,525259.0,7860485.0,2092789271.0
2022-06-03,2670.65,11.66,0.44,2679.57,2681.51,2663.0,562470.0,7566758.0,2101703362.0
2022-06-07,2626.34,-44.31,-1.66,2659.27,2662.04,2622.78,524710.0,8948924.0,2067165431.0
2022-06-08,2626.15,-0.19,-0.01,2633.53,2639.52,2621.96,576390.0,7964335.0,2066742737.0
2022-06-09,2625.44,-0.71,-0.03,2618.92,2627.88,2606.61,814883.0,10857975.0,2066451297.0
2022-06-10,2595.87,-29.57,-1.13,2596.37,2602.8,2583.74,724090.0,8285964.0,2043213222.0
2022-06-13,2504.51,-91.36,-3.52,2550.21,2550.32,2504.51,660309.0,10335874.0,1972203678.0
2022-06-14,2492.97,-11.54,-0.46,2472.96,2503.17,2457.39,671757.0,9992820.0,1962993357.0
2022-06-15,2447.38,-45.59,-1.83,2490.01,2495.54,2436.04,714143.0,9936928.0,1926857817.0
2022-06-16,2451.41,4.03,0.16,2481.66,2500.36,2447.33,584041.0,9588187.0,1931070978.0
2022-06-17,2440.93,-10.48,-0.43,2409.72,2441.34,2396.47,634897.0,11201572.0,1921148560.0
2022-06-20,2391.03,-49.9,-2.04,2449.89,2449.89,2372.35,592702.0,9092289.0,1881482848.0
2022-06-21,2408.93,17.9,0.75,2402.99,2423.48,2385.6,479678.0,7440755.0,1894965517.0
2022-06-22,2342.81,-66.12,-2.74,2417.11,2418.05,2342.81,532139.0,8690134.0,1843888862.0
2022-06-23,2314.32,-28.49,-1.22,2347.84,2361.23,2306.48,749661.0,10212366.0,1821183820.0
2022-06-24,2366.6,52.28,2.26,2327.11,2373.48,2319.99,654446.0,8469156.0,1862320800.0
2022-06-27,2401.92,35.32,1.49,2383.2,2418.94,2365.86,510587.0,7656358.0,1890525945.0
2022-06-28,2422.09,20.17,0.84,2405.2,2422.1,2393.96,564986.0,7193434.0,1906214561.0
2022-06-29,2377.99,-44.1,-1.82,2387.1,2393.25,2375.45,422127.0,7965810.0,1871275786.0
2022-06-30,2332.64,-45.35,-1.91,2368.57,2368.57,2332.59,515396.0,8923481.0,1835493487.0
2022-07-01,2305.42,-27.22,-1.17,2342.92,2354.97,2291.49,530346.0,8687669.0,1814290028.0
2022-07-04,2300.34,-5.08,-0.22,2310.73,2318.31,2276.63,467960.0,7339365.0,1810669975.0
2022-07-05,2341.78,41.44,1.8,2322.11,2344.08,2309.62,323905.0,6890579.0,1842519185.0
2022-07-06,2292.01,-49.77,-2.13,2330.11,2332.14,2290.33,410732.0,8919472.0,1804225454.0
2022-07-07,2334.27,42.26,1.84,2308.97,2344.14,2307.9,340173.0,7652636.0,1837885178.0
2022-07-08,2350.61,16.34,0.7,2352.49,2367.84,2348.74,411425.0,7008118.0,1850893574.0
2022-07-11,2340.27,-10.34,-0.44,2357.43,2363.26,2337.82,377108.0,6301234.0,1843259953.0
2022-07-12,2317.76,-22.51,-0.96,2330.88,2333.02,2303.74,379308.0,6369258.0,1824994120.0
2022-07-13,2328.61,10.85,0.47,2324.45,2341.19,2312.49,308806.0,5998501.0,1832979142.0
2022-07-14,2322.32,-6.29,-0.27,2316.41,2338.29,2307.69,349138.0,6539857.0,1829593432.0
2022-07-15,2330.98,8.66,0.37,2335.12,2337.3,2293.45,319675.0,7383211.0,1837255296.0
2022-07-18,2375.25,44.27,1.9,2350.48,2376.5,2344.12,324357.0,7104661.0,1873107660.0
2022-07-19,2370.97,-4.28,-0.18,2367.52,2372.74,2359.59,339378.0,6556191.0,1869397060.0
2022-07-20,2386.85,15.88,0.67,2406.29,2410.06,2382.65,333329.0,7434804.0,1881643043.0
2022-07-21,2409.16,22.31,0.93,2387.91,2411.96,2387.91,295624.0,6309071.0,1899062118.0
2022-07-22,2393.14,-16.02,-0.66,2405.37,2417.91,2391.48,381597.0,6973851.0,1886496918.0
2022-07-25,2403.69,10.55,0.44,2385.65,2412.47,2385.65,323091.0,5959859.0,1894263511.0
2022-07-26,2412.96,9.27,0.39,2397.27,2415.39,2395.17,415671.0,6240741.0,1901214430.0
2022-07-27,2415.53,2.57,0.11,2412.52,2415.53,2396.19,333588.0,7049803.0,1903522364.0
2022-07-28,2435.27,19.74,0.82,2437.57,2443.43,2429.07,491073.0,9196435.0,1919419877.0
2022-07-29,2451.5,16.23,0.67,2453.53,2463.05,2442.01,499369.0,10256338.0,1931903737.0
2022-08-01,2452.25,0.75,0.03,2444.05,2461.4,2437.13,487160.0,7509598.0,1932452046.0
2022-08-02,2439.62,-12.63,-0.52,2451.0,2451.07,2428.76,549924.0,7266264.0,1922819214.0
2022-08-03,2461.45,21.83,0.89,2438.56,2461.45,2433.12,475302.0,6751539.0,1939571960.0
2022-08-04,2473.11,11.66,0.47,2478.44,2478.95,2465.32,399965.0,7506315.0,1948549233.0
2022-08-05,2490.8,17.69,0.72,2481.43,2497.58,2480.05,409776.0,7561092.0,1962992758.0
2022-08-08,2493.1,2.3,0.09,2481.17,2494.0,2477.76,418234.0,7613758.0,1964010918.0
2022-08-09,2503.46,10.36,0.42,2493.57,2506.49,2481.36,454364.0,8940803.0,1971839855.0
2022-08-10,2480.88,-22.58,-0.9,2493.7,2494.15,2478.21,479467.0,9029482.0,1953610456.0
2022-08-11,2523.78,42.9,1.73,2507.74,2523.78,2506.41,505246.0,9710840.0,1986815489.0
2022-08-12,2527.94,4.16,0.16,2519.66,2533.2,2514.31,445547.0,8028577.0,1990518588.0
2022-08-16,2533.52,5.58,0.22,2543.05,2546.35,2532.2,398335.0,8064107.0,1995548135.0
2022-08-17,2516.47,-17.05,-0.67,2536.57,2543.15,2512.01,418053.0,7153680.0,1982238266.0
2022-08-18,2508.05,-8.42,-0.33,2499.3,2515.37,2488.09,381628.0,7105985.0,1976095948.0
2022-08-19,2492.69,-15.36,-0.61,2510.72,2510.72,2492.69,459835.0,7138648.0,1963842895.0
2022-08-22,2462.5,-30.19,-1.21,2467.38,2475.77,2457.08,422552.0,6108019.0,1940547399.0
2022-08-23,2435.34,-27.16,-1.1,2449.31,2454.55,2431.83,471166.0,7560708.0,1919622194.0
2022-08-24,2447.45,12.11,0.5,2446.18,2454.01,2430.69,423502.0,8119784.0,1928432688.0
2022-08-25,2477.26,29.81,1.22,2459.79,2477.26,2455.32,426230.0,7286329.0,1951737898.0
2022-08-26,2481.03,3.77,0.15,2489.14,2497.76,2476.75,520091.0,8628665.0,1955296364.0
2022-08-29,2426.89,-54.14,-2.18,2432.06,2432.89,2417.01,448746.0,7891467.0,1913225190.0
2022-08-30,2450.93,24.04,0.99,2441.21,2453.91,2433.48,336555.0,6826615.0,1932045596.0
2022-08-31,2472.05,21.12,0.86,2433.47,2473.75,2426.14,436247.0,9562592.0,1948130001.0
2022-09-01,2415.61,-56.44,-2.28,2443.0,2443.61,2415.61,580021.0,8452318.0,1904334718.0
2022-09-02,2409.41,-6.2,-0.26,2427.7,2432.37,2402.67,391599.0,7214620.0,1899054383.0
2022-09-05,2403.68,-5.73,-0.24,2410.07,2424.77,2392.63,354738.0,6277834.0,1893408648.0
2022-09-06,2410.02,6.34,0.26,2409.72,2422.53,2399.26,294224.0,5476236.0,1898174386.0
2022-09-07,2376.46,-33.56,-1.39,2395.66,2398.4,2365.35,378200.0,7530890.0,1872365971.0
2022-09-08,2384.28,7.82,0.33,2393.27,2394.06,2379.06,423621.0,9208735.0,1879133852.0
2022-09-13,2449.54,65.26,2.74,2418.59,2453.95,2418.59,367103.0,9165153.0,1930515175.0
2022-09-14,2411.42,-38.12,-1.56,2390.47,2418.42,2381.5,461508.0,7625505.0,1900212543.0
2022-09-15,2401.83,-9.59,-0.4,2416.01,2421.63,2401.83,424111.0,7432764.0,1892386625.0
2022-09-16,2382.78,-19.05,-0.79,2387.56,2395.1,2371.11,440799.0,8690464.0,1877514132.0
2022-09-19,2355.66,-27.12,-1.14,2388.73,2389.85,2352.76,403937.0,6885919.0,1856704766.0
2022-09-20,2367.85,12.19,0.52,2373.64,2382.52,2359.84,419340.0,7013236.0,1865526657.0
2022-09-21,2347.21,-20.64,-0.87,2351.54,2360.27,2341.79,378165.0,6269073.0,1849097413.0
2022-09-22,2332.31,-14.9,-0.63,2319.7,2335.11,2309.1,446820.0,7413267.0,1837164890.0
2022-09-23,2290.0,-42.31,-1.81,2331.33,2334.06,2285.71,446461.0,7416796.0,1804499960.0
2022-09-26,2220.94,-69.06,-3.02,2260.8,2260.8,2215.36,621995.0,9461818.0,1750077524.0
2022-09-27,2223.86,2.92,0.13,2224.39,2227.35,2197.9,487940.0,8005557.0,1752262101.0
2022-09-28,2169.29,-54.57,-2.45,2206.15,2223.56,2151.6,596136.0,9208350.0,1709335980.0
2022-09-29,2170.93,1.64,0.08,2197.75,2210.61,2170.14,508501.0,7240707.0,1710780971.0
2022-09-30,2155.49,-15.44,-0.71,2161.11,2177.2,2134.77,950270.0,7923751.0,1698450563.0
2022-10-04,2209.38,53.89,2.5,2189.51,2212.38,2180.84,421003.0,7500281.0,1741825455.0
2022-10-05,2215.22,5.84,0.26,2248.85,2253.93,2204.03,855790.0,9509080.0,1747613734.0
2022-10-06,2237.86,22.64,1.02,2230.43,2250.87,2223.36,643016.0,6850065.0,1765200352.0
2022-10-07,2232.84,-5.02,-0.22,2217.84,2245.88,2215.08,428683.0,7831444.0,1761987171.0
2022-10-11,2192.07,-40.77,-1.83,2193.02,2193.05,2174.06,859509.0,7867859.0,1729423095.0
2022-10-12,2202.47,10.4,0.47,2191.35,2205.02,2181.65,658348.0,7409131.0,1737572148.0
2022-10-13,2162.87,-39.6,-1.8,2198.29,2198.34,2162.87,792452.0,7169779.0,1707061504.0
2022-10-14,2212.55,49.68,2.3,2200.66,2220.54,2193.63,513524.0,7161818.0,1745972217.0
2022-10-17,2219.71,7.16,0.32,2187.17,2221.05,2177.66,498781.0,6526810.0,1752293076.0
2022-10-18,2249.95,30.24,1.36,2249.15,2251.74,2220.71,580892.0,7249919.0,1775708706.0
2022-10-19,2237.44,-12.51,-0.56,2249.35,2266.8,2234.59,895161.0,7738879.0,1765921333.0
2022-10-20,2218.09,-19.35,-0.86,2225.53,2231.52,2200.44,1108103.0,8325030.0,1751305188.0
2022-10-21,2213.12,-4.97,-0.22,2210.59,2224.04,2204.64,637486.0,6228174.0,1747594294.0
2022-10-24,2236.16,23.04,1.04,2248.26,2256.67,2229.85,444820.0,6846985.0,1765515578.0
2022-10-25,2235.07,-1.09,-0.05,2237.04,2253.24,2230.75,456770.0,7030017.0,1765049718.0
2022-10-26,2249.56,14.49,0.65,2240.7,2258.11,2234.49,563442.0,7492743.0,1776494531.0
2022-10-27,2288.78,39.22,1.74,2266.07,2290.56,2262.02,587872.0,8435337.0,1806510988.0
2022-10-28,2268.4,-20.38,-0.89,2276.73,2292.65,2266.44,427245.0,8289371.0,1789451214.0
2022-10-31,2293.61,25.21,1.11,2293.75,2295.51,2273.73,401400.0,8679296.0,1810255609.0
2022-11-01,2335.22,41.61,1.81,2301.58,2335.57,2297.57,597206.0,9476615.0,1842767623.0
2022-11-02,2336.87,1.65,0.07,2326.05,2346.32,2323.37,450635.0,9568101.0,1844237342.0
2022-11-03,2329.17,-7.7,-0.33,2297.45,2342.86,2296.44,550428.0,9273251.0,1838688384.0
2022-11-04,2348.43,19.26,0.83,2325.85,2348.43,2316.29,436430.0,7927339.0,1853798828.0
2022-11-07,2371.79,23.36,0.99,2360.22,2373.28,2354.22,392509.0,8059881.0,1872576585.0
2022-11-08,2399.04,27.25,1.15,2387.2,2400.39,2375.67,500088.0,8601453.0,1894800321.0
2022-11-09,2424.41,25.37,1.06,2408.54,2429.65,2403.64,680722.0,9342672.0,1915468947.0
2022-11-10,2402.23,-22.18,-0.91,2405.77,2426.1,2401.99,899127.0,9344425.0,1897654097.0
2022-11-11,2483.16,80.93,3.37,2466.9,2486.46,2463.51,758248.0,13917648.0,1960950353.0
2022-11-14,2474.65,-8.51,-0.34,2485.18,2499.43,2470.6,731166.0,11216385.0,1954401825.0
2022-11-15,2480.33,5.68,0.23,2482.76,2485.2,2463.65,617401.0,9308852.0,1959323045.0
2022-11-16,2477.45,-2.88,-0.12,2487.0,2487.0,2446.79,657834.0,9880428.0,1959009891.0
2022-11-17,2442.9,-34.55,-1.39,2466.5,2467.39,2442.9,914519.0,8556989.0,1931710185.0
2022-11-18,2444.48,1.58,0.06,2448.13,2471.87,2442.87,589586.0,7444437.0,1932865881.0
2022-11-21,2419.5,-24.98,-1.02,2446.05,2448.14,2409.36,544529.0,7049427.0,1912994305.0
2022-11-22,2405.27,-14.23,-0.59,2405.96,2426.4,2401.5,539169.0,7253676.0,1901129947.0
2022-11-23,2418.01,12.74,0.53,2424.36,2427.28,2407.58,474789.0,7477108.0,1911397949.0
2022-11-24,2441.33,23.32,0.96,2437.51,2441.33,2428.12,481185.0,6849559.0,1929930653.0
2022-11-25,2437.86,-3.47,-0.14,2442.21,2449.66,2433.57,438394.0,6347579.0,1926846987.0
2022-11-28,2408.27,-29.59,-1.21,2425.05,2425.65,2401.95,350497.0,6462501.0,1903723176.0
2022-11-29,2433.39,25.12,1.04,2405.54,2433.87,2401.1,550175.0,6533346.0,1923006248.0
2022-11-30,2472.53,39.14,1.61,2424.44,2472.53,2421.42,594127.0,12469429.0,1953840810.0
2022-12-01,2479.84,7.31,0.3,2501.43,2501.43,2474.33,491383.0,8850099.0,1959622743.0
2022-12-02,2434.33,-45.51,-1.84,2471.5,2471.5,2434.33,468847.0,7328393.0,1924204751.0
2022-12-05,2419.32,-15.01,-0.62,2442.17,2442.22,2413.05,385586.0,7717406.0,1911915923.0
2022-12-06,2393.16,-26.16,-1.08,2397.7,2416.88,2390.2,368636.0,6477022.0,1891336961.0
2022-12-07,2382.81,-10.35,-0.43,2385.87,2394.88,2377.98,332587.0,6080662.0,1882795765.0
2022-12-08,2371.08,-11.73,-0.49,2386.9,2387.95,2357.2,351939.0,7552997.0,1873438918.0
2022-12-09,2389.04,17.96,0.76,2382.73,2390.08,2367.25,315674.0,7220198.0,1888379556.0
2022-12-12,2373.02,-16.02,-0.67,2373.58,2381.87,2368.47,499225.0,5822260.0,1875700661.0
2022-12-13,2372.4,-0.62,-0.03,2385.05,2388.27,2364.87,447565.0,6659361.0,1874838728.0
2022-12-14,2399.25,26.85,1.13,2380.81,2400.18,2379.44,409799.0,5724107.0,1895655041.0
2022-12-15,2360.97,-38.28,-1.6,2383.83,2392.11,2360.95,375386.0,6134217.0,1865842784.0
2022-12-16,2360.02,-0.95,-0.04,2329.75,2360.44,2326.83,414172.0,7206180.0,1865107455.0
2022-12-19,2352.17,-7.85,-0.33,2350.78,2358.76,2342.28,323987.0,5018052.0,1859031541.0
2022-12-20,2333.29,-18.88,-0.8,2344.73,2353.86,2324.66,358771.0,5335838.0,1844296008.0
2022-12-21,2328.95,-4.34,-0.19,2346.39,2347.0,2325.78,329724.0,5102490.0,1840550909.0
2022-12-22,2356.73,27.78,1.19,2340.0,2356.73,2335.75,553053.0,9460859.0,1863411614.0
2022-12-23,2313.69,-43.04,-1.83,2325.86,2333.08,2311.9,366989.0,5935798.0,1829395536.0
2022-12-26,2317.14,3.45,0.15,2312.54,2321.92,2304.2,427845.0,5205750.0,1831727640.0
2022-12-27,2332.79,15.65,0.68,2327.52,2335.99,2321.48,448499.0,7126994.0,1844141209.0
2022-12-28,2280.45,-52.34,-2.24,2296.45,2296.45,2276.9,405894.0,7566893.0,1801877943.0
2022-12-29,2236.4,-44.05,-1.93,2265.73,2272.67,2236.38,361194.0,6036542.0,1767235221.0
2023-01-02,2225.67,-10.73,-0.48,2249.95,2259.88,2222.37,346345.0,5200138.0,1759241800.0
2023-01-03,2218.68,-6.99,-0.31,2230.98,2230.98,2180.67,410245.0,6149083.0,1753771077.0
2023-01-04,2255.98,37.3,1.68,2205.98,2260.06,2198.82,412841.0,6487598.0,1783808766.0
2023-01-05,2264.65,8.67,0.38,2268.2,2281.39,2252.97,430977.0,7521178.0,1791816776.0
2023-01-06,2289.97,25.32,1.12,2253.4,2300.62,2253.27,398607.0,6764112.0,1811418923.0
2023-01-09,2350.19,60.22,2.63,2315.87,2351.06,2312.56,342096.0,7028981.0,1858632833.0
2023-01-10,2351.31,1.12,0.05,2348.04,2370.18,2344.18,359914.0,6702908.0,1859599299.0
2023-01-11,2359.53,8.22,0.35,2364.05,2369.66,2350.36,369011.0,6297145.0,1865737441.0
2023-01-12,2365.1,5.57,0.24,2376.72,2377.8,2358.33,580433.0,7837777.0,1870238983.0
2023-01-13,2386.09,20.99,0.89,2377.34,2397.01,2375.78,862230.0,6976741.0,1886570607.0
2023-01-16,2399.86,13.77,0.58,2390.06,2410.22,2387.61,517762.0,6532807.0,1897375182.0
2023-01-17,2379.39,-20.47,-0.85,2400.92,2404.0,2374.65,536811.0,6314018.0,1881433259.0
2023-01-18,2368.32,-11.07,-0.47,2380.36,2383.0,2356.84,537393.0,5498577.0,1872694002.0
2023-01-19,2380.34,12.02,0.51,2354.56,2380.34,2354.56,370099.0,5448179.0,1882551677.0
2023-01-20,2395.26,14.92,0.63,2380.0,2395.97,2372.57,302507.0,5025541.0,1895790659.0
2023-01-25,2428.57,33.31,1.39,2426.58,2432.71,2421.51,550087.0,6665406.0,1922275331.0
2023-01-26,2468.65,40.08,1.65,2436.18,2468.65,2426.4,486832.0,8206399.0,1953918426.0
2023-01-27,2484.02,15.37,0.62,2474.52,2497.4,2464.53,509288.0,9092447.0,1966558579.0
2023-01-30,2450.47,-33.55,-1.35,2484.64,2491.13,2446.59,475410.0,9220413.0,1940151030.0
2023-01-31,2425.08,-25.39,-1.04,2449.92,2457.48,2423.37,617196.0,10394784.0,1918934215.0
2023-02-01,2449.8,24.72,1.02,2446.03,2453.29,2433.37,666296.0,8596021.0,1938780673.0
2023-02-02,2468.88,19.08,0.78,2481.94,2486.2,2454.6,693116.0,9121678.0,1953996214.0
2023-02-03,2480.4,11.52,0.47,2466.54,2485.08,2460.21,496861.0,8027061.0,1963172031.0
2023-02-06,2438.19,-42.21,-1.7,2461.82,2469.42,2438.04,566819.0,7671311.0,1929318578.0
2023-02-07,2451.71,13.52,0.55,2440.14,2456.17,2432.4,451159.0,7594011.0,1939610903.0
2023-02-08,2483.64,31.93,1.3,2469.42,2487.35,2465.96,415677.0,8001678.0,1965482080.0
2023-02-09,2481.52,-2.12,-0.09,2470.66,2487.14,2466.61,610694.0,8986377.0,1963858471.0
2023-02-10,2469.73,-11.79,-0.48,2470.65,2473.8,2454.74,662366.0,8402619.0,1954699937.0
2023-02-13,2452.7,-17.03,-0.69,2461.96,2462.58,2440.86,486399.0,7371041.0,1942812752.0
2023-02-14,2465.64,12.94,0.53,2471.33,2480.34,2459.83,349432.0,6738874.0,1953249936.0
2023-02-15,2427.9,-37.74,-1.53,2473.09,2473.44,2424.16,387067.0,8758718.0,1923761984.0
2023-02-16,2475.48,47.58,1.96,2444.06,2475.99,2442.07,388027.0,9170363.0,1961021978.0
2023-02-17,2451.21,-24.27,-0.98,2447.66,2471.51,2445.74,514047.0,8364504.0,1941744158.0
2023-02-20,2455.12,3.91,0.16,2453.25,2463.17,2430.27,390013.0,7535474.0,1944743467.0
2023-02-21,2458.96,3.84,0.16,2457.51,2466.07,2446.0,494661.0,7333623.0,1943888914.0
2023-02-22,2417.68,-41.28,-1.68,2430.87,2435.98,2416.16,427482.0,8386250.0,1911701229.0
2023-02-23,2439.09,21.41,0.89,2430.01,2449.62,2422.62,400992.0,7451977.0,1928501536.0
2023-02-24,2423.61,-15.48,-0.63,2442.49,2452.97,2421.47,369900.0,6991100.0,1915633306.0
2023-02-27,2402.64,-20.97,-0.87,2405.42,2405.56,2383.76,357218.0,6598230.0,1898711781.0
2023-02-28,2412.85,10.21,0.42,2417.58,2431.67,2407.29,529790.0,9274200.0,1906496015.0
2023-03-02,2427.85,15.0,0.62,2414.61,2440.59,2411.85,428342.0,9660274.0,1918505110.0
2023-03-03,2432.07,4.22,0.17,2438.73,2442.1,2423.08,371882.0,7845380.0,1921472037.0
2023-03-06,2462.62,30.55,1.26,2452.46,2464.45,2441.07,418814.0,9781226.0,1945884267.0
2023-03-07,2463.35,0.73,0.03,2457.04,2475.73,2455.65,450481.0,10732466.0,1945941992.0
2023-03-08,2431.91,-31.44,-1.28,2435.58,2442.61,2426.52,438359.0,9967055.0,1922025069.0
2023-03-09,2419.09,-12.82,-0.53,2440.79,2444.2,2416.25,476375.0,10357639.0,1911583468.0
2023-03-10,2394.59,-24.5,-1.01,2389.82,2400.87,2383.19,413411.0,7875520.0,1892450859.0
2023-03-13,2410.6,16.01,0.67,2400.45,2413.24,2369.79,380740.0,7702302.0,1904640758.0
2023-03-14,2348.97,-61.63,-2.56,2390.36,2390.78,2348.19,485076.0,7794604.0,1856250945.0
2023-03-15,2379.72,30.75,1.31,2380.09,2395.36,2370.77,443751.0,7591756.0,1880140744.0
2023-03-16,2377.91,-1.81,-0.08,2357.98,2382.79,2346.11,320194.0,7865787.0,1878507613.0
2023-03-17,2395.69,17.78,0.75,2403.7,2405.35,2382.8,364176.0,8617060.0,1893380949.0
2023-03-20,2379.2,-16.49,-0.69,2391.87,2405.99,2378.7,346034.0,6072911.0,1879711532.0
2023-03-21,2388.35,9.15,0.38,2396.54,2399.52,2383.17,355195.0,7269040.0,1886502692.0
2023-03-22,2416.96,28.61,1.2,2411.25,2417.47,2402.78,501412.0,7890323.0,1908726635.0
2023-03-23,2424.48,7.52,0.31,2398.27,2424.48,2397.91,567704.0,10367437.0,1914529716.0
2023-03-24,2414.96,-9.52,-0.39,2421.27,2423.76,2399.49,470659.0,9248184.0,1907314610.0
2023-03-27,2409.22,-5.74,-0.24,2423.94,2423.94,2395.97,472847.0,8534650.0,1902810299.0
2023-03-28,2434.94,25.72,1.07,2418.69,2434.94,2415.34,524016.0,8812618.0,1923151536.0
2023-03-29,2443.92,8.98,0.37,2432.63,2443.95,2428.61,497218.0,8829889.0,1930378482.0
2023-03-30,2453.16,9.24,0.38,2452.97,2462.7,2439.43,629052.0,10846640.0,1937575538.0
2023-03-31,2476.86,23.7,0.97,2459.94,2481.24,2456.54,722612.0,12903370.0,1957926358.0
2023-04-03,2472.34,-4.52,-0.18,2485.81,2485.81,2467.59,811724.0,11300346.0,1954443677.0
2023-04-04,2480.51,8.17,0.33,2475.87,2489.71,2472.79,832555.0,13496867.0,1960644519.0
2023-04-05,2495.21,14.7,0.59,2482.61,2497.61,2478.67,632720.0,9811877.0,1972182474.0
2023-04-06,2459.23,-35.98,-1.44,2488.0,2488.0,2458.5,751378.0,11332653.0,1943849429.0
2023-04-07,2490.41,31.18,1.27,2478.64,2493.06,2473.89,586993.0,11250171.0,1969009467.0
2023-04-10,2512.08,21.67,0.87,2491.68,2519.99,2490.17,717648.0,13539855.0,1986876447.0
2023-04-11,2547.86,35.78,1.42,2523.33,2550.97,2514.42,768176.0,14050595.0,2014288066.0
2023-04-12,2550.64,2.78,0.11,2546.36,2561.37,2536.23,900750.0,14426259.0,2016495718.0
2023-04-13,2561.66,11.02,0.43,2534.71,2561.66,2531.07,841719.0,11996436.0,2024512511.0
2023-04-14,2571.49,9.83,0.38,2580.1,2581.74,2560.53,892446.0,13088201.0,2032335488.0
2023-04-17,2575.91,4.42,0.17,2570.3,2577.08,2561.14,775752.0,12793678.0,2036226926.0
2023-04-18,2571.09,-4.82,-0.19,2582.23,2582.23,2557.19,896932.0,14106396.0,2032968742.0
2023-04-19,2575.08,3.99,0.16,2570.06,2582.11,2568.46,956994.0,12750865.0,2036483236.0
2023-04-20,2563.11,-11.97,-0.46,2566.06,2573.94,2552.06,951423.0,12415524.0,2026470351.0
2023-04-21,2544.4,-18.71,-0.73,2556.7,2559.44,2532.32,970398.0,12614673.0,2012374092.0
2023-04-24,2523.5,-20.9,-0.82,2538.36,2541.89,2518.73,927191.0,11589467.0,1996621732.0
2023-04-25,2489.02,-34.48,-1.37,2531.35,2531.35,2472.33,886422.0,13681150.0,1967147727.0
2023-04-26,2484.83,-4.19,-0.17,2489.49,2498.56,2481.38,1089216.0,12397514.0,1964553908.0
2023-04-27,2495.81,10.98,0.44,2484.31,2499.01,2465.83,733500.0,11142115.0,1974101090.0
2023-04-28,2501.53,5.72,0.23,2511.79,2517.13,2489.58,777535.0,14024831.0,1979839469.0
2023-05-02,2524.39,22.86,0.91,2504.01,2524.42,2503.21,701399.0,9942387.0,1997496493.0
2023-05-03,2501.4,-22.99,-0.91,2510.19,2514.37,2497.83,889609.0,9865861.0,1979410345.0
2023-05-04,2500.94,-0.46,-0.02,2494.82,2502.14,2486.09,810178.0,10020006.0,1978572080.0
2023-05-08,2513.21,12.27,0.49,2518.53,2525.84,2511.13,655536.0,9213044.0,1989045053.0
2023-05-09,2510.06,-3.15,-0.13,2512.34,2514.81,2495.63,751647.0,9351367.0,1986578324.0
2023-05-10,2496.51,-13.55,-0.54,2505.96,2510.13,2488.42,635635.0,8906697.0,1976264333.0
2023-05-11,2491.0,-5.51,-0.22,2505.57,2513.82,2490.08,648134.0,9002407.0,1971727645.0
2023-05-12,2475.42,-15.58,-0.63,2487.35,2487.35,2472.45,798230.0,8589238.0,1959471273.0
2023-05-15,2479.35,3.93,0.16,2469.8,2479.35,2455.99,484565.0,6920285.0,1962067054.0
2023-05-16,2480.24,0.89,0.04,2494.4,2498.54,2474.9,628744.0,8086956.0,1963631010.0
2023-05-17,2494.66,14.42,0.58,2479.65,2498.37,2475.02,564412.0,7218306.0,1975030171.0
2023-05-18,2515.4,20.74,0.83,2511.09,2515.4,2500.01,572765.0,7782864.0,1992171060.0
2023-05-19,2537.79,22.39,0.89,2530.83,2538.31,2524.89,570097.0,9199949.0,2010735983.0
2023-05-22,2557.08,19.29,0.76,2540.03,2564.09,2533.5,593620.0,8214575.0,2025540377.0
2023-05-23,2567.55,10.47,0.41,2565.8,2577.32,2561.1,576045.0,7443353.0,2033435646.0
2023-05-24,2567.45,-0.1,0.0,2557.11,2572.21,2555.04,1072440.0,7900596.0,2032739545.0
2023-05-25,2554.69,-12.76,-0.5,2570.64,2575.05,2551.49,917553.0,9416539.0,2022841850.0
2023-05-26,2558.81,4.12,0.16,2561.94,2567.5,2553.79,634759.0,9401899.0,2027393064.0
2023-05-30,2585.52,26.71,1.04,2582.41,2586.22,2574.82,641647.0,11066254.0,2048101559.0
2023-05-31,2577.12,-8.4,-0.32,2586.03,2596.31,2575.98,686187.0,15135111.0,2039961430.0
